<core:FragmentDefinition xmlns:core="sap.ui.core" xmlns="sap.m" xmlns:f="sap.ui.layout.form">
    <!-- <f:SimpleForm>
        <Label text="Color" />
        <Text text="{color}" />
        <Label text="Taste" class="sapUiSmallMarginTop"/>
        <Text text="{taste}" class="sapUiSmallMarginTop"/>
        <Label text="Price" />
        <Text text="{
            parts: [{path: 'price'}, {path: 'curr'}],
            formatter: '.formatter.formatCurrency'
        }" />
        <Label text="Season" />
        <Text text="{season}" />
    </f:SimpleForm> -->
    <f:SimpleForm>
        <Label text="Name" />
        <Text text="{NAME}" />
        <Label text="Supplier Id" class="sapUiSmallMarginTop"/>
        <Text text="{SUPPLIER_ID}" class="sapUiSmallMarginTop"/>
        <Label text="Price" />
        <Text text="{
            parts: [{path: 'PRICE'}, {path: 'CURRENCY_CODE'}],
            formatter: '.formatter.formatCurrency'
        }" />
        <Label text="Dimension Unit" />
        <Text text="{DIM_UNIT}" />
    </f:SimpleForm>    
</core:FragmentDefinition>