{"empStr": {
    "empId": 784,
    "empName": "Baratheon",
    "Salary": 9876540,
    "Currency": "EUR",
    "pranks": "true"
},
"empTab" :
[{"empId":"902527992","empName":"Peri","Salary":524400,"Currency":"KWD","smoker":true,"gender":"Female","mStat":"M","rating":2},
{"empId":"744765376","empName":"Kirk","Salary":308460,"Currency":"EUR","smoker":false,"gender":"Nonbinary","mStat":"M","rating":4},
{"empId":"626001626","empName":"Kizzie","Salary":252601,"Currency":"PLN","smoker":true,"gender":"Female","mStat":"M","rating":4},
{"empId":"274914835","empName":"Jonis","Salary":352216,"Currency":"IDR","smoker":true,"gender":"Female","mStat":"S","rating":4},
{"empId":"396230585","empName":"Claudie","Salary":513175,"Currency":"KRW","smoker":false,"gender":"Female","mStat":"M","rating":3},
{"empId":"137692453","empName":"Osmund","Salary":391787,"Currency":"CNY","smoker":true,"gender":"Male","mStat":"S","rating":3},
{"empId":"830946705","empName":"Illa","Salary":492824,"Currency":"PYG","smoker":false,"gender":"Female","mStat":"M","rating":2},
{"empId":"360546347","empName":"Haskel","Salary":285787,"Currency":"XAF","smoker":true,"gender":"Male","mStat":"S","rating":3},
{"empId":"077826381","empName":"Ezekiel","Salary":258551,"Currency":"LYD","smoker":true,"gender":"Male","mStat":"S","rating":2},
{"empId":"002136805","empName":"Nara","Salary":282369,"Currency":"IDR","smoker":false,"gender":"Female","mStat":"S","rating":5},
{"empId":"168448435","empName":"Clair","Salary":483039,"Currency":"VEF","smoker":false,"gender":"Male","mStat":"S","rating":1},
{"empId":"141586383","empName":"Debby","Salary":260136,"Currency":"PLN","smoker":true,"gender":"Female","mStat":"M","rating":2},
{"empId":"814845257","empName":"Wandie","Salary":276718,"Currency":"KZT","smoker":false,"gender":"Female","mStat":"S","rating":5},
{"empId":"194932802","empName":"Erick","Salary":434017,"Currency":"SYP","smoker":false,"gender":"Male","mStat":"M","rating":5},
{"empId":"443585247","empName":"Linnell","Salary":290857,"Currency":"PHP","smoker":true,"gender":"Female","mStat":"M","rating":4},
{"empId":"541944012","empName":"Marti","Salary":342778,"Currency":"IDR","smoker":true,"gender":"Female","mStat":"S","rating":5},
{"empId":"917651594","empName":"Leighton","Salary":386090,"Currency":"JPY","smoker":false,"gender":"Male","mStat":"S","rating":3},
{"empId":"602031680","empName":"Law","Salary":472911,"Currency":"JPY","smoker":false,"gender":"Male","mStat":"M","rating":3},
{"empId":"088064638","empName":"Jeffie","Salary":420403,"Currency":"EUR","smoker":true,"gender":"Genderqueer","mStat":"S","rating":1},
{"empId":"431844052","empName":"Clark","Salary":396390,"Currency":"CNY","smoker":false,"gender":"Polygender","mStat":"M","rating":2},
{"empId":"759776617","empName":"Rustin","Salary":374890,"Currency":"PEN","smoker":false,"gender":"Male","mStat":"M","rating":3},
{"empId":"724994621","empName":"Cad","Salary":447149,"Currency":"USD","smoker":false,"gender":"Genderqueer","mStat":"S","rating":1},
{"empId":"212055472","empName":"Wells","Salary":404514,"Currency":"CNY","smoker":true,"gender":"Male","mStat":"S","rating":3},
{"empId":"066818680","empName":"Bucky","Salary":393419,"Currency":"EUR","smoker":true,"gender":"Nonbinary","mStat":"S","rating":3},
{"empId":"243999527","empName":"Martica","Salary":396267,"Currency":"SEK","smoker":false,"gender":"Genderfluid","mStat":"S","rating":4},
{"empId":"952180299","empName":"Nisse","Salary":355204,"Currency":"IDR","smoker":true,"gender":"Nonbinary","mStat":"M","rating":5},
{"empId":"735743254","empName":"Mortie","Salary":317787,"Currency":"CNY","smoker":false,"gender":"Male","mStat":"M","rating":1},
{"empId":"842477166","empName":"Marve","Salary":429545,"Currency":"RUB","smoker":true,"gender":"Male","mStat":"S","rating":5},
{"empId":"375585022","empName":"Greg","Salary":305827,"Currency":"CNY","smoker":false,"gender":"Male","mStat":"S","rating":2},
{"empId":"560519321","empName":"Aura","Salary":410800,"Currency":"SEK","smoker":false,"gender":"Female","mStat":"M","rating":2},
{"empId":"499088484","empName":"Erek","Salary":280807,"Currency":"MAD","smoker":false,"gender":"Male","mStat":"S","rating":5},
{"empId":"909846081","empName":"Ab","Salary":263817,"Currency":"MXN","smoker":true,"gender":"Male","mStat":"M","rating":1},
{"empId":"057149276","empName":"Garek","Salary":295246,"Currency":"CNY","smoker":true,"gender":"Male","mStat":"S","rating":1},
{"empId":"175686561","empName":"Kingston","Salary":411736,"Currency":"SOS","smoker":false,"gender":"Male","mStat":"S","rating":3},
{"empId":"221780378","empName":"Celina","Salary":371657,"Currency":"EUR","smoker":false,"gender":"Female","mStat":"M","rating":5},
{"empId":"695640055","empName":"Ossie","Salary":425754,"Currency":"BRL","smoker":false,"gender":"Agender","mStat":"M","rating":1},
{"empId":"316989188","empName":"Roanne","Salary":478421,"Currency":"HKD","smoker":true,"gender":"Female","mStat":"S","rating":1},
{"empId":"810432278","empName":"Cyrus","Salary":544027,"Currency":"CNY","smoker":false,"gender":"Nonbinary","mStat":"S","rating":2},
{"empId":"831950760","empName":"Knox","Salary":495733,"Currency":"EUR","smoker":true,"gender":"Male","mStat":"M","rating":3},
{"empId":"849978361","empName":"Carole","Salary":495288,"Currency":"KWD","smoker":true,"gender":"Female","mStat":"M","rating":3},
{"empId":"237083271","empName":"Fayth","Salary":398796,"Currency":"KZT","smoker":false,"gender":"Female","mStat":"S","rating":1},
{"empId":"643855753","empName":"Leoline","Salary":442197,"Currency":"RUB","smoker":false,"gender":"Female","mStat":"S","rating":4},
{"empId":"987790015","empName":"Riordan","Salary":346194,"Currency":"SEK","smoker":false,"gender":"Male","mStat":"S","rating":1},
{"empId":"834842970","empName":"Yuma","Salary":280147,"Currency":"JPY","smoker":false,"gender":"Genderfluid","mStat":"S","rating":1},
{"empId":"982655096","empName":"Nial","Salary":280374,"Currency":"PEN","smoker":false,"gender":"Male","mStat":"S","rating":1},
{"empId":"910924077","empName":"Tess","Salary":334796,"Currency":"BRL","smoker":false,"gender":"Female","mStat":"M","rating":2},
{"empId":"180400220","empName":"Lay","Salary":297538,"Currency":"SLL","smoker":true,"gender":"Male","mStat":"S","rating":5},
{"empId":"941700690","empName":"Ava","Salary":323571,"Currency":"USD","smoker":true,"gender":"Female","mStat":"S","rating":3},
{"empId":"077314959","empName":"Averill","Salary":328496,"Currency":"CNY","smoker":true,"gender":"Male","mStat":"S","rating":4},
{"empId":"529690915","empName":"Giselle","Salary":430251,"Currency":"JOD","smoker":false,"gender":"Female","mStat":"S","rating":4},
{"empId":"128291365","empName":"Bengt","Salary":489615,"Currency":"EUR","smoker":true,"gender":"Male","mStat":"S","rating":3},
{"empId":"753367118","empName":"Tony","Salary":332645,"Currency":"UAH","smoker":true,"gender":"Bigender","mStat":"M","rating":2},
{"empId":"561781826","empName":"Francois","Salary":263235,"Currency":"USD","smoker":true,"gender":"Male","mStat":"M","rating":1},
{"empId":"415096573","empName":"Deena","Salary":411477,"Currency":"DKK","smoker":true,"gender":"Female","mStat":"M","rating":4},
{"empId":"047740649","empName":"Shell","Salary":343458,"Currency":"BRL","smoker":false,"gender":"Male","mStat":"S","rating":1},
{"empId":"756553293","empName":"Glennie","Salary":276940,"Currency":"CNY","smoker":true,"gender":"Female","mStat":"M","rating":4},
{"empId":"526584360","empName":"Patricio","Salary":409281,"Currency":"SEK","smoker":false,"gender":"Male","mStat":"M","rating":5},
{"empId":"588252071","empName":"Nikoletta","Salary":538175,"Currency":"CNY","smoker":false,"gender":"Female","mStat":"S","rating":3},
{"empId":"571003368","empName":"Lorens","Salary":301407,"Currency":"EUR","smoker":true,"gender":"Male","mStat":"M","rating":5},
{"empId":"959438087","empName":"Kinsley","Salary":435046,"Currency":"VEF","smoker":false,"gender":"Male","mStat":"M","rating":1},
{"empId":"877031138","empName":"Ardelia","Salary":252898,"Currency":"USD","smoker":false,"gender":"Female","mStat":"M","rating":4},
{"empId":"305468012","empName":"Constancia","Salary":369187,"Currency":"PHP","smoker":true,"gender":"Female","mStat":"S","rating":4},
{"empId":"404262038","empName":"Abelard","Salary":332143,"Currency":"CNY","smoker":true,"gender":"Male","mStat":"M","rating":3},
{"empId":"134942486","empName":"Christiane","Salary":388882,"Currency":"IDR","smoker":false,"gender":"Female","mStat":"S","rating":4},
{"empId":"465015775","empName":"Jard","Salary":503537,"Currency":"IDR","smoker":false,"gender":"Male","mStat":"M","rating":5},
{"empId":"164094523","empName":"Cynde","Salary":493231,"Currency":"IDR","smoker":true,"gender":"Female","mStat":"S","rating":5},
{"empId":"923065758","empName":"Lyndsey","Salary":284571,"Currency":"CNY","smoker":true,"gender":"Female","mStat":"M","rating":4},
{"empId":"535170895","empName":"Daffie","Salary":375729,"Currency":"IDR","smoker":true,"gender":"Female","mStat":"S","rating":4},
{"empId":"730393059","empName":"Janine","Salary":480449,"Currency":"BOB","smoker":false,"gender":"Female","mStat":"S","rating":1},
{"empId":"273572001","empName":"Waly","Salary":437741,"Currency":"PLN","smoker":true,"gender":"Female","mStat":"M","rating":4},
{"empId":"274000028","empName":"Eldredge","Salary":283743,"Currency":"MXN","smoker":true,"gender":"Male","mStat":"M","rating":3},
{"empId":"559956569","empName":"Fairlie","Salary":263819,"Currency":"EUR","smoker":true,"gender":"Male","mStat":"S","rating":2},
{"empId":"687950025","empName":"Manya","Salary":293662,"Currency":"IDR","smoker":false,"gender":"Female","mStat":"S","rating":2},
{"empId":"398545488","empName":"Fionnula","Salary":280931,"Currency":"CNY","smoker":true,"gender":"Female","mStat":"M","rating":3},
{"empId":"012990146","empName":"Marin","Salary":422039,"Currency":"SEK","smoker":false,"gender":"Female","mStat":"M","rating":1},
{"empId":"142200414","empName":"Jewelle","Salary":330624,"Currency":"IDR","smoker":false,"gender":"Female","mStat":"S","rating":5},
{"empId":"346340448","empName":"Ellary","Salary":393003,"Currency":"PHP","smoker":false,"gender":"Male","mStat":"S","rating":3},
{"empId":"690130195","empName":"Bethanne","Salary":332945,"Currency":"RUB","smoker":true,"gender":"Female","mStat":"S","rating":1},
{"empId":"579117533","empName":"Cahra","Salary":378692,"Currency":"IDR","smoker":true,"gender":"Female","mStat":"M","rating":5},
{"empId":"219198877","empName":"Dominga","Salary":389432,"Currency":"EUR","smoker":false,"gender":"Female","mStat":"S","rating":1},
{"empId":"755766392","empName":"Valle","Salary":466611,"Currency":"CNY","smoker":true,"gender":"Male","mStat":"M","rating":2},
{"empId":"951756481","empName":"Penrod","Salary":263772,"Currency":"PLN","smoker":false,"gender":"Male","mStat":"M","rating":5},
{"empId":"418443413","empName":"Abelard","Salary":435064,"Currency":"CNY","smoker":true,"gender":"Male","mStat":"S","rating":1},
{"empId":"474604101","empName":"Verna","Salary":426129,"Currency":"PLN","smoker":true,"gender":"Female","mStat":"M","rating":1},
{"empId":"098930104","empName":"Kennett","Salary":389248,"Currency":"BYR","smoker":true,"gender":"Male","mStat":"M","rating":2},
{"empId":"606578665","empName":"Freddy","Salary":267274,"Currency":"IDR","smoker":false,"gender":"Agender","mStat":"M","rating":5},
{"empId":"194693684","empName":"Meredith","Salary":371560,"Currency":"PLN","smoker":false,"gender":"Male","mStat":"S","rating":3},
{"empId":"407382439","empName":"Shaun","Salary":360397,"Currency":"NPR","smoker":true,"gender":"Female","mStat":"S","rating":4},
{"empId":"925469443","empName":"Ker","Salary":486411,"Currency":"ARS","smoker":true,"gender":"Male","mStat":"S","rating":2},
{"empId":"663954289","empName":"Carmine","Salary":333757,"Currency":"MNT","smoker":true,"gender":"Male","mStat":"M","rating":3},
{"empId":"428913133","empName":"Clementine","Salary":475525,"Currency":"EUR","smoker":true,"gender":"Female","mStat":"M","rating":3},
{"empId":"847686874","empName":"Charlie","Salary":424211,"Currency":"IDR","smoker":false,"gender":"Male","mStat":"M","rating":5},
{"empId":"102466814","empName":"Wendell","Salary":288859,"Currency":"SEK","smoker":false,"gender":"Male","mStat":"M","rating":1},
{"empId":"315611615","empName":"Claire","Salary":404215,"Currency":"CAD","smoker":true,"gender":"Male","mStat":"M","rating":2},
{"empId":"742389254","empName":"Mendy","Salary":351340,"Currency":"PEN","smoker":true,"gender":"Male","mStat":"S","rating":5},
{"empId":"976700724","empName":"Dennie","Salary":336802,"Currency":"IDR","smoker":false,"gender":"Male","mStat":"S","rating":5},
{"empId":"600375504","empName":"Gibby","Salary":517772,"Currency":"XOF","smoker":true,"gender":"Male","mStat":"S","rating":5},
{"empId":"944076864","empName":"Aleen","Salary":342941,"Currency":"EUR","smoker":false,"gender":"Female","mStat":"M","rating":5},
{"empId":"486743418","empName":"Antonino","Salary":338046,"Currency":"PHP","smoker":true,"gender":"Male","mStat":"M","rating":5},
{"empId":"416789789","empName":"Keslie","Salary":364289,"Currency":"KRW","smoker":false,"gender":"Female","mStat":"S","rating":5},
{"empId":"702586767","empName":"Tully","Salary":475552,"Currency":"EUR","smoker":true,"gender":"Male","mStat":"M","rating":1},
{"empId":"677421385","empName":"Theodoric","Salary":311153,"Currency":"CNY","smoker":true,"gender":"Male","mStat":"S","rating":3},
{"empId":"147240900","empName":"Klara","Salary":547520,"Currency":"RUB","smoker":false,"gender":"Female","mStat":"S","rating":5},
{"empId":"156446612","empName":"Diane","Salary":290627,"Currency":"SYP","smoker":false,"gender":"Female","mStat":"M","rating":3},
{"empId":"323164223","empName":"Pandora","Salary":415320,"Currency":"KZT","smoker":true,"gender":"Female","mStat":"M","rating":4},
{"empId":"512196444","empName":"Maurita","Salary":513182,"Currency":"CNY","smoker":true,"gender":"Female","mStat":"M","rating":1},
{"empId":"684738762","empName":"Kali","Salary":493963,"Currency":"USD","smoker":false,"gender":"Female","mStat":"S","rating":4},
{"empId":"619054348","empName":"Osbert","Salary":511781,"Currency":"JPY","smoker":true,"gender":"Male","mStat":"M","rating":2},
{"empId":"865573927","empName":"Doll","Salary":315944,"Currency":"PLN","smoker":false,"gender":"Female","mStat":"M","rating":1},
{"empId":"027727453","empName":"Pierrette","Salary":495356,"Currency":"CNY","smoker":false,"gender":"Female","mStat":"S","rating":5},
{"empId":"224448884","empName":"Rosabella","Salary":427636,"Currency":"RSD","smoker":true,"gender":"Agender","mStat":"M","rating":4},
{"empId":"242507535","empName":"Eydie","Salary":331758,"Currency":"SEK","smoker":true,"gender":"Female","mStat":"S","rating":4},
{"empId":"690131602","empName":"Glyn","Salary":433072,"Currency":"COP","smoker":true,"gender":"Female","mStat":"M","rating":5},
{"empId":"224615143","empName":"Esmaria","Salary":324036,"Currency":"PEN","smoker":false,"gender":"Female","mStat":"M","rating":4},
{"empId":"570737731","empName":"Shannan","Salary":268605,"Currency":"PLN","smoker":false,"gender":"Male","mStat":"S","rating":2},
{"empId":"101892529","empName":"Jess","Salary":540664,"Currency":"IQD","smoker":false,"gender":"Female","mStat":"M","rating":1},
{"empId":"392720906","empName":"Farrel","Salary":261709,"Currency":"IDR","smoker":false,"gender":"Male","mStat":"M","rating":5},
{"empId":"787656550","empName":"Caryl","Salary":520094,"Currency":"HNL","smoker":false,"gender":"Male","mStat":"M","rating":1},
{"empId":"785525150","empName":"Kelley","Salary":293513,"Currency":"MGA","smoker":true,"gender":"Male","mStat":"S","rating":3},
{"empId":"920256417","empName":"Jocelyne","Salary":488670,"Currency":"IDR","smoker":false,"gender":"Female","mStat":"S","rating":2},
{"empId":"624777988","empName":"Adlai","Salary":269748,"Currency":"XOF","smoker":false,"gender":"Bigender","mStat":"M","rating":3},
{"empId":"886742812","empName":"Ameline","Salary":482147,"Currency":"EUR","smoker":true,"gender":"Bigender","mStat":"S","rating":2},
{"empId":"728819540","empName":"Tallou","Salary":470149,"Currency":"ILS","smoker":false,"gender":"Female","mStat":"S","rating":5},
{"empId":"413832458","empName":"Lynn","Salary":302567,"Currency":"BRL","smoker":true,"gender":"Female","mStat":"M","rating":5},
{"empId":"149538379","empName":"Corty","Salary":342423,"Currency":"PHP","smoker":true,"gender":"Male","mStat":"S","rating":3},
{"empId":"810142317","empName":"Marsh","Salary":296328,"Currency":"EUR","smoker":false,"gender":"Male","mStat":"M","rating":2},
{"empId":"423955632","empName":"Aurora","Salary":447076,"Currency":"IDR","smoker":true,"gender":"Female","mStat":"M","rating":2},
{"empId":"845566755","empName":"Starlene","Salary":353199,"Currency":"JPY","smoker":false,"gender":"Female","mStat":"M","rating":3},
{"empId":"451010732","empName":"Karleen","Salary":445037,"Currency":"PLN","smoker":false,"gender":"Female","mStat":"S","rating":5},
{"empId":"202435427","empName":"Elfrieda","Salary":437864,"Currency":"CNY","smoker":true,"gender":"Female","mStat":"S","rating":1},
{"empId":"630104021","empName":"Ines","Salary":495410,"Currency":"CNY","smoker":false,"gender":"Female","mStat":"S","rating":5},
{"empId":"894574006","empName":"Spenser","Salary":260969,"Currency":"ARS","smoker":true,"gender":"Male","mStat":"M","rating":4},
{"empId":"046468707","empName":"Hillard","Salary":317386,"Currency":"BRL","smoker":true,"gender":"Male","mStat":"M","rating":3},
{"empId":"332987914","empName":"Marsha","Salary":319924,"Currency":"SAR","smoker":false,"gender":"Nonbinary","mStat":"M","rating":3},
{"empId":"588889487","empName":"Kizzie","Salary":488343,"Currency":"IDR","smoker":true,"gender":"Female","mStat":"S","rating":2},
{"empId":"858953727","empName":"Bret","Salary":296742,"Currency":"CNY","smoker":false,"gender":"Male","mStat":"S","rating":2},
{"empId":"617416400","empName":"Mallissa","Salary":278584,"Currency":"MDL","smoker":false,"gender":"Female","mStat":"S","rating":2},
{"empId":"086685848","empName":"Dulci","Salary":398832,"Currency":"BGN","smoker":true,"gender":"Female","mStat":"S","rating":1},
{"empId":"620464696","empName":"Zora","Salary":548717,"Currency":"CNY","smoker":true,"gender":"Agender","mStat":"M","rating":4},
{"empId":"242213484","empName":"Carleton","Salary":259750,"Currency":"IDR","smoker":true,"gender":"Male","mStat":"M","rating":2},
{"empId":"736617510","empName":"Marcellus","Salary":516534,"Currency":"IRR","smoker":false,"gender":"Male","mStat":"M","rating":1},
{"empId":"542845100","empName":"Dian","Salary":400676,"Currency":"EUR","smoker":false,"gender":"Female","mStat":"M","rating":4},
{"empId":"204111624","empName":"Faustina","Salary":458975,"Currency":"ZMW","smoker":false,"gender":"Female","mStat":"S","rating":1},
{"empId":"470460719","empName":"Gothart","Salary":453746,"Currency":"SEK","smoker":true,"gender":"Male","mStat":"M","rating":4},
{"empId":"653916795","empName":"Janeen","Salary":426050,"Currency":"IDR","smoker":false,"gender":"Female","mStat":"M","rating":2},
{"empId":"254294684","empName":"Orren","Salary":525403,"Currency":"BOB","smoker":false,"gender":"Male","mStat":"S","rating":5},
{"empId":"017534744","empName":"Sutherland","Salary":331502,"Currency":"JPY","smoker":true,"gender":"Male","mStat":"S","rating":4},
{"empId":"008606613","empName":"Helaine","Salary":483646,"Currency":"PHP","smoker":true,"gender":"Female","mStat":"S","rating":1},
{"empId":"275523785","empName":"Antonetta","Salary":456757,"Currency":"IDR","smoker":false,"gender":"Female","mStat":"S","rating":3},
{"empId":"004045315","empName":"Caritta","Salary":335811,"Currency":"PLN","smoker":false,"gender":"Nonbinary","mStat":"M","rating":3},
{"empId":"501724287","empName":"Bethena","Salary":529935,"Currency":"JPY","smoker":false,"gender":"Female","mStat":"S","rating":5},
{"empId":"981651310","empName":"Liva","Salary":299720,"Currency":"BRL","smoker":false,"gender":"Female","mStat":"M","rating":5},
{"empId":"716553865","empName":"Katrina","Salary":294856,"Currency":"EUR","smoker":true,"gender":"Female","mStat":"S","rating":2},
{"empId":"207112312","empName":"Shermie","Salary":370893,"Currency":"CNY","smoker":false,"gender":"Male","mStat":"M","rating":4},
{"empId":"976648396","empName":"Frederica","Salary":368077,"Currency":"IDR","smoker":false,"gender":"Female","mStat":"M","rating":3},
{"empId":"194671152","empName":"Mercie","Salary":532852,"Currency":"HRK","smoker":true,"gender":"Female","mStat":"M","rating":5},
{"empId":"002225566","empName":"Orton","Salary":287488,"Currency":"ARS","smoker":true,"gender":"Male","mStat":"S","rating":3},
{"empId":"738103325","empName":"Norton","Salary":389417,"Currency":"EUR","smoker":false,"gender":"Male","mStat":"M","rating":1},
{"empId":"689293734","empName":"Gayelord","Salary":327268,"Currency":"EUR","smoker":false,"gender":"Male","mStat":"M","rating":5},
{"empId":"279905886","empName":"Ralf","Salary":356161,"Currency":"CNY","smoker":false,"gender":"Male","mStat":"M","rating":1},
{"empId":"339113577","empName":"Jeana","Salary":429984,"Currency":"CNY","smoker":false,"gender":"Female","mStat":"M","rating":2},
{"empId":"088996017","empName":"Sissie","Salary":445607,"Currency":"PHP","smoker":true,"gender":"Female","mStat":"S","rating":5},
{"empId":"298979190","empName":"Yancy","Salary":438429,"Currency":"EUR","smoker":false,"gender":"Male","mStat":"M","rating":1},
{"empId":"764503021","empName":"Rosemarie","Salary":300116,"Currency":"CNY","smoker":false,"gender":"Female","mStat":"M","rating":2},
{"empId":"803849288","empName":"Hartwell","Salary":491458,"Currency":"RUB","smoker":true,"gender":"Bigender","mStat":"S","rating":3},
{"empId":"785449077","empName":"Brant","Salary":295866,"Currency":"EUR","smoker":true,"gender":"Male","mStat":"S","rating":4},
{"empId":"265961957","empName":"Albrecht","Salary":491559,"Currency":"PHP","smoker":true,"gender":"Male","mStat":"M","rating":5},
{"empId":"790405318","empName":"Carie","Salary":313188,"Currency":"USD","smoker":true,"gender":"Female","mStat":"M","rating":2},
{"empId":"532660605","empName":"Zebulen","Salary":407179,"Currency":"JMD","smoker":true,"gender":"Male","mStat":"M","rating":2},
{"empId":"472181545","empName":"Patten","Salary":451520,"Currency":"CNY","smoker":true,"gender":"Male","mStat":"S","rating":2},
{"empId":"229562324","empName":"Kelvin","Salary":308068,"Currency":"EUR","smoker":false,"gender":"Male","mStat":"M","rating":1},
{"empId":"218786248","empName":"Dulcy","Salary":519270,"Currency":"THB","smoker":true,"gender":"Female","mStat":"S","rating":1},
{"empId":"935844700","empName":"Celie","Salary":417393,"Currency":"PKR","smoker":true,"gender":"Female","mStat":"S","rating":4},
{"empId":"882487010","empName":"Lauritz","Salary":267642,"Currency":"IDR","smoker":true,"gender":"Male","mStat":"M","rating":3},
{"empId":"387863266","empName":"Shirline","Salary":522346,"Currency":"IDR","smoker":true,"gender":"Female","mStat":"S","rating":4},
{"empId":"580938656","empName":"Tremain","Salary":494920,"Currency":"CAD","smoker":true,"gender":"Nonbinary","mStat":"S","rating":3},
{"empId":"150442144","empName":"Fritz","Salary":385495,"Currency":"IDR","smoker":false,"gender":"Male","mStat":"S","rating":1},
{"empId":"481629938","empName":"Margot","Salary":395626,"Currency":"EUR","smoker":false,"gender":"Female","mStat":"M","rating":1},
{"empId":"243271781","empName":"Towny","Salary":528845,"Currency":"MMK","smoker":false,"gender":"Male","mStat":"M","rating":1},
{"empId":"251563568","empName":"Natasha","Salary":473083,"Currency":"IDR","smoker":false,"gender":"Female","mStat":"S","rating":4},
{"empId":"012690081","empName":"Consalve","Salary":499275,"Currency":"AMD","smoker":false,"gender":"Male","mStat":"S","rating":5},
{"empId":"295856413","empName":"Aymer","Salary":291553,"Currency":"EUR","smoker":false,"gender":"Male","mStat":"M","rating":5},
{"empId":"731089885","empName":"Mercie","Salary":481420,"Currency":"MGA","smoker":true,"gender":"Female","mStat":"S","rating":5},
{"empId":"570857341","empName":"Tom","Salary":325842,"Currency":"IDR","smoker":false,"gender":"Male","mStat":"M","rating":4},
{"empId":"524831758","empName":"Tawnya","Salary":432529,"Currency":"IRR","smoker":true,"gender":"Female","mStat":"M","rating":1},
{"empId":"057235635","empName":"Lizzy","Salary":404507,"Currency":"EUR","smoker":false,"gender":"Female","mStat":"S","rating":2},
{"empId":"491379614","empName":"Salem","Salary":457906,"Currency":"AFN","smoker":false,"gender":"Male","mStat":"M","rating":4},
{"empId":"341488603","empName":"Melvyn","Salary":303492,"Currency":"UAH","smoker":true,"gender":"Male","mStat":"M","rating":5},
{"empId":"791769549","empName":"Garfield","Salary":470163,"Currency":"LTL","smoker":false,"gender":"Male","mStat":"S","rating":5},
{"empId":"631576422","empName":"Kalle","Salary":417255,"Currency":"CNY","smoker":true,"gender":"Male","mStat":"S","rating":3},
{"empId":"076528864","empName":"Bondie","Salary":424556,"Currency":"EUR","smoker":true,"gender":"Male","mStat":"S","rating":1},
{"empId":"712901641","empName":"Jeremiah","Salary":296163,"Currency":"CNY","smoker":true,"gender":"Male","mStat":"S","rating":3},
{"empId":"637007116","empName":"Vitia","Salary":515476,"Currency":"SSP","smoker":true,"gender":"Female","mStat":"S","rating":4},
{"empId":"490257011","empName":"Meg","Salary":329577,"Currency":"IDR","smoker":false,"gender":"Female","mStat":"S","rating":1},
{"empId":"654975870","empName":"Aldrich","Salary":346188,"Currency":"CNY","smoker":true,"gender":"Male","mStat":"M","rating":1},
{"empId":"359042756","empName":"Bobbe","Salary":429544,"Currency":"CNY","smoker":false,"gender":"Female","mStat":"S","rating":3},
{"empId":"096425167","empName":"Merilee","Salary":441870,"Currency":"CNY","smoker":false,"gender":"Female","mStat":"M","rating":5},
{"empId":"639018058","empName":"Farr","Salary":283846,"Currency":"RUB","smoker":false,"gender":"Male","mStat":"M","rating":4},
{"empId":"908131022","empName":"Marnie","Salary":467588,"Currency":"IDR","smoker":true,"gender":"Female","mStat":"M","rating":1},
{"empId":"757137966","empName":"Walther","Salary":253947,"Currency":"PLN","smoker":true,"gender":"Male","mStat":"M","rating":2},
{"empId":"072978119","empName":"Georgeta","Salary":293334,"Currency":"USD","smoker":false,"gender":"Polygender","mStat":"S","rating":1},
{"empId":"943623468","empName":"Shelley","Salary":502972,"Currency":"THB","smoker":false,"gender":"Male","mStat":"S","rating":2},
{"empId":"897123043","empName":"Maxi","Salary":285446,"Currency":"CNY","smoker":false,"gender":"Female","mStat":"S","rating":5},
{"empId":"222582338","empName":"Zondra","Salary":379752,"Currency":"UAH","smoker":true,"gender":"Agender","mStat":"S","rating":2},
{"empId":"801567679","empName":"Luci","Salary":265344,"Currency":"PKR","smoker":true,"gender":"Female","mStat":"S","rating":1},
{"empId":"672306218","empName":"Patricio","Salary":259624,"Currency":"PEN","smoker":false,"gender":"Male","mStat":"S","rating":5},
{"empId":"406235161","empName":"Alaster","Salary":382763,"Currency":"SEK","smoker":true,"gender":"Male","mStat":"M","rating":2},
{"empId":"468903485","empName":"Meggy","Salary":434562,"Currency":"IQD","smoker":true,"gender":"Female","mStat":"M","rating":1},
{"empId":"469774893","empName":"Cherri","Salary":460960,"Currency":"PHP","smoker":true,"gender":"Female","mStat":"M","rating":5},
{"empId":"524451911","empName":"Wynnie","Salary":463594,"Currency":"USD","smoker":true,"gender":"Female","mStat":"S","rating":1},
{"empId":"605407095","empName":"Udell","Salary":473633,"Currency":"VND","smoker":false,"gender":"Male","mStat":"M","rating":3},
{"empId":"205391413","empName":"Wilma","Salary":441078,"Currency":"BAM","smoker":false,"gender":"Female","mStat":"S","rating":3},
{"empId":"548379726","empName":"Nadine","Salary":347783,"Currency":"CNY","smoker":true,"gender":"Female","mStat":"S","rating":4},
{"empId":"463898593","empName":"Julie","Salary":546461,"Currency":"PHP","smoker":false,"gender":"Male","mStat":"M","rating":3},
{"empId":"030360013","empName":"Jermaine","Salary":266254,"Currency":"RUB","smoker":false,"gender":"Male","mStat":"M","rating":2},
{"empId":"477042947","empName":"Noreen","Salary":337766,"Currency":"EUR","smoker":false,"gender":"Genderqueer","mStat":"S","rating":4},
{"empId":"462654489","empName":"Cyrille","Salary":454239,"Currency":"EUR","smoker":true,"gender":"Male","mStat":"S","rating":1},
{"empId":"906538793","empName":"Bertine","Salary":330349,"Currency":"USD","smoker":false,"gender":"Female","mStat":"M","rating":4},
{"empId":"283741219","empName":"Allyson","Salary":257228,"Currency":"IDR","smoker":true,"gender":"Polygender","mStat":"M","rating":2},
{"empId":"472129121","empName":"My","Salary":446269,"Currency":"PHP","smoker":true,"gender":"Male","mStat":"S","rating":4},
{"empId":"032698573","empName":"Cammy","Salary":271354,"Currency":"EUR","smoker":false,"gender":"Male","mStat":"S","rating":3},
{"empId":"643879971","empName":"Derron","Salary":315127,"Currency":"IDR","smoker":false,"gender":"Male","mStat":"M","rating":4},
{"empId":"555196949","empName":"Krystalle","Salary":308677,"Currency":"AMD","smoker":true,"gender":"Female","mStat":"S","rating":2},
{"empId":"101143193","empName":"Phillip","Salary":491214,"Currency":"SEK","smoker":true,"gender":"Male","mStat":"M","rating":2},
{"empId":"185636250","empName":"Almire","Salary":279763,"Currency":"THB","smoker":true,"gender":"Female","mStat":"M","rating":2},
{"empId":"052565563","empName":"Heywood","Salary":519879,"Currency":"USD","smoker":false,"gender":"Male","mStat":"S","rating":2},
{"empId":"227978716","empName":"Lanette","Salary":315595,"Currency":"XPF","smoker":true,"gender":"Polygender","mStat":"M","rating":4},
{"empId":"030733662","empName":"Boote","Salary":399357,"Currency":"CNY","smoker":false,"gender":"Genderfluid","mStat":"S","rating":5},
{"empId":"867587855","empName":"Althea","Salary":465744,"Currency":"EUR","smoker":false,"gender":"Female","mStat":"S","rating":4},
{"empId":"244981201","empName":"Letitia","Salary":454358,"Currency":"CNY","smoker":false,"gender":"Female","mStat":"M","rating":4},
{"empId":"461010063","empName":"Darnell","Salary":514976,"Currency":"PEN","smoker":false,"gender":"Male","mStat":"M","rating":4},
{"empId":"640585883","empName":"Mabel","Salary":378922,"Currency":"VEF","smoker":false,"gender":"Female","mStat":"S","rating":1},
{"empId":"070715266","empName":"Mirabella","Salary":269360,"Currency":"USD","smoker":false,"gender":"Female","mStat":"S","rating":1},
{"empId":"427387295","empName":"Teddy","Salary":483166,"Currency":"CNY","smoker":true,"gender":"Nonbinary","mStat":"M","rating":1},
{"empId":"558856074","empName":"Annetta","Salary":339924,"Currency":"SYP","smoker":true,"gender":"Female","mStat":"M","rating":1},
{"empId":"100921934","empName":"Athena","Salary":479529,"Currency":"CNY","smoker":false,"gender":"Female","mStat":"S","rating":5},
{"empId":"064448394","empName":"Bonnee","Salary":253937,"Currency":"EUR","smoker":false,"gender":"Female","mStat":"S","rating":5},
{"empId":"815614189","empName":"Noella","Salary":422741,"Currency":"EUR","smoker":false,"gender":"Female","mStat":"M","rating":1},
{"empId":"004554057","empName":"Clemmie","Salary":546835,"Currency":"MNT","smoker":true,"gender":"Male","mStat":"M","rating":1},
{"empId":"753100954","empName":"Darbee","Salary":312621,"Currency":"IDR","smoker":false,"gender":"Male","mStat":"M","rating":4},
{"empId":"438007522","empName":"Darbee","Salary":396849,"Currency":"CNY","smoker":true,"gender":"Male","mStat":"S","rating":5},
{"empId":"064325840","empName":"Kerby","Salary":485981,"Currency":"KRW","smoker":false,"gender":"Polygender","mStat":"M","rating":2},
{"empId":"626945722","empName":"Lennard","Salary":417904,"Currency":"PLN","smoker":true,"gender":"Male","mStat":"M","rating":5},
{"empId":"351813206","empName":"Benoite","Salary":326997,"Currency":"ARS","smoker":true,"gender":"Female","mStat":"M","rating":4},
{"empId":"446438639","empName":"Lily","Salary":293498,"Currency":"EUR","smoker":true,"gender":"Female","mStat":"S","rating":1},
{"empId":"626817363","empName":"Cathie","Salary":410952,"Currency":"XAF","smoker":true,"gender":"Female","mStat":"S","rating":2},
{"empId":"026298912","empName":"Thibaud","Salary":305386,"Currency":"CNY","smoker":false,"gender":"Male","mStat":"M","rating":3},
{"empId":"917117736","empName":"Xenia","Salary":471018,"Currency":"EUR","smoker":false,"gender":"Female","mStat":"M","rating":2},
{"empId":"221354852","empName":"Lionel","Salary":297182,"Currency":"THB","smoker":true,"gender":"Male","mStat":"S","rating":4},
{"empId":"890521511","empName":"Seana","Salary":268979,"Currency":"CNY","smoker":true,"gender":"Female","mStat":"M","rating":3},
{"empId":"162203310","empName":"Roseanne","Salary":293449,"Currency":"CZK","smoker":false,"gender":"Female","mStat":"S","rating":3},
{"empId":"747360363","empName":"Rachele","Salary":531816,"Currency":"KZT","smoker":false,"gender":"Female","mStat":"M","rating":1},
{"empId":"515377863","empName":"Valentina","Salary":271923,"Currency":"IDR","smoker":true,"gender":"Female","mStat":"M","rating":5},
{"empId":"019462692","empName":"Leigh","Salary":366325,"Currency":"UAH","smoker":false,"gender":"Male","mStat":"S","rating":1},
{"empId":"026466572","empName":"Maye","Salary":380939,"Currency":"PEN","smoker":true,"gender":"Female","mStat":"S","rating":5},
{"empId":"451089819","empName":"Dagny","Salary":314777,"Currency":"CNY","smoker":true,"gender":"Polygender","mStat":"M","rating":2},
{"empId":"150107093","empName":"Gayler","Salary":529806,"Currency":"EUR","smoker":false,"gender":"Male","mStat":"S","rating":1},
{"empId":"447640086","empName":"Lilith","Salary":407775,"Currency":"MKD","smoker":false,"gender":"Female","mStat":"S","rating":4},
{"empId":"805802807","empName":"Lesya","Salary":325962,"Currency":"CNY","smoker":true,"gender":"Female","mStat":"S","rating":4},
{"empId":"103830319","empName":"Burlie","Salary":303676,"Currency":"BRL","smoker":false,"gender":"Male","mStat":"S","rating":1},
{"empId":"132120434","empName":"Hillary","Salary":541503,"Currency":"PLN","smoker":false,"gender":"Male","mStat":"S","rating":1},
{"empId":"570728664","empName":"Brandise","Salary":424623,"Currency":"EGP","smoker":false,"gender":"Female","mStat":"M","rating":5},
{"empId":"869248576","empName":"Francois","Salary":483099,"Currency":"EUR","smoker":false,"gender":"Male","mStat":"S","rating":2},
{"empId":"978833041","empName":"Lorrin","Salary":543590,"Currency":"EUR","smoker":true,"gender":"Female","mStat":"M","rating":4},
{"empId":"472490084","empName":"Luce","Salary":299757,"Currency":"KZT","smoker":false,"gender":"Male","mStat":"M","rating":3},
{"empId":"414523904","empName":"Deborah","Salary":371994,"Currency":"IDR","smoker":false,"gender":"Female","mStat":"M","rating":3},
{"empId":"797391613","empName":"Roderich","Salary":443200,"Currency":"CNY","smoker":false,"gender":"Male","mStat":"S","rating":3},
{"empId":"352983641","empName":"Ardella","Salary":389925,"Currency":"UAH","smoker":false,"gender":"Female","mStat":"S","rating":5},
{"empId":"149198639","empName":"Grange","Salary":518515,"Currency":"ZMW","smoker":false,"gender":"Male","mStat":"S","rating":2},
{"empId":"156364154","empName":"Giustina","Salary":296527,"Currency":"PHP","smoker":false,"gender":"Female","mStat":"S","rating":3},
{"empId":"355537042","empName":"Hartley","Salary":511665,"Currency":"JMD","smoker":false,"gender":"Male","mStat":"S","rating":2},
{"empId":"499316688","empName":"Kirstyn","Salary":513294,"Currency":"PHP","smoker":true,"gender":"Bigender","mStat":"S","rating":5},
{"empId":"859747336","empName":"Bevan","Salary":425706,"Currency":"CNY","smoker":false,"gender":"Male","mStat":"S","rating":4},
{"empId":"187238980","empName":"Christabella","Salary":394399,"Currency":"EUR","smoker":false,"gender":"Female","mStat":"S","rating":1},
{"empId":"009731078","empName":"Avis","Salary":525472,"Currency":"VND","smoker":false,"gender":"Female","mStat":"M","rating":2},
{"empId":"126190447","empName":"Kalle","Salary":391811,"Currency":"IDR","smoker":true,"gender":"Male","mStat":"S","rating":3},
{"empId":"014014708","empName":"Wilow","Salary":394288,"Currency":"CNY","smoker":false,"gender":"Bigender","mStat":"M","rating":1},
{"empId":"764448735","empName":"Krista","Salary":273932,"Currency":"UYU","smoker":true,"gender":"Female","mStat":"S","rating":1},
{"empId":"547629694","empName":"Xavier","Salary":307642,"Currency":"VEF","smoker":true,"gender":"Male","mStat":"M","rating":3},
{"empId":"548067685","empName":"Robby","Salary":356871,"Currency":"EUR","smoker":true,"gender":"Male","mStat":"S","rating":2},
{"empId":"268847194","empName":"Aubrette","Salary":502747,"Currency":"GTQ","smoker":true,"gender":"Female","mStat":"S","rating":3},
{"empId":"829116898","empName":"Ber","Salary":434264,"Currency":"CZK","smoker":false,"gender":"Male","mStat":"M","rating":4},
{"empId":"518008672","empName":"Sidonia","Salary":317188,"Currency":"IDR","smoker":true,"gender":"Female","mStat":"S","rating":2},
{"empId":"662948826","empName":"Jake","Salary":333751,"Currency":"EUR","smoker":true,"gender":"Male","mStat":"M","rating":4},
{"empId":"985650290","empName":"Mildrid","Salary":502972,"Currency":"CNY","smoker":false,"gender":"Genderfluid","mStat":"M","rating":1},
{"empId":"936131423","empName":"Rikki","Salary":533746,"Currency":"CNY","smoker":true,"gender":"Male","mStat":"S","rating":2},
{"empId":"298776460","empName":"Eartha","Salary":454586,"Currency":"CNY","smoker":false,"gender":"Female","mStat":"S","rating":4},
{"empId":"597249417","empName":"Jerry","Salary":286641,"Currency":"USD","smoker":false,"gender":"Male","mStat":"M","rating":3},
{"empId":"964115296","empName":"Jessalyn","Salary":289359,"Currency":"CNY","smoker":true,"gender":"Female","mStat":"M","rating":5},
{"empId":"621759447","empName":"Marlo","Salary":256791,"Currency":"MXN","smoker":true,"gender":"Female","mStat":"M","rating":4},
{"empId":"129140938","empName":"Coretta","Salary":470451,"Currency":"CNY","smoker":false,"gender":"Female","mStat":"M","rating":3},
{"empId":"067638722","empName":"Creighton","Salary":312435,"Currency":"RUB","smoker":false,"gender":"Male","mStat":"S","rating":1},
{"empId":"382908608","empName":"Melanie","Salary":389968,"Currency":"PLN","smoker":false,"gender":"Female","mStat":"S","rating":2},
{"empId":"347483392","empName":"Yehudit","Salary":494097,"Currency":"EUR","smoker":false,"gender":"Male","mStat":"S","rating":3},
{"empId":"062729193","empName":"Torr","Salary":484837,"Currency":"CZK","smoker":false,"gender":"Male","mStat":"M","rating":1},
{"empId":"668171611","empName":"Far","Salary":350370,"Currency":"RUB","smoker":false,"gender":"Male","mStat":"S","rating":2},
{"empId":"744285720","empName":"Wakefield","Salary":422699,"Currency":"IDR","smoker":false,"gender":"Male","mStat":"M","rating":2},
{"empId":"879900888","empName":"Kylen","Salary":334757,"Currency":"SEK","smoker":false,"gender":"Female","mStat":"M","rating":3},
{"empId":"846705970","empName":"Birgitta","Salary":260575,"Currency":"CNY","smoker":false,"gender":"Female","mStat":"M","rating":5},
{"empId":"405631896","empName":"Thomasin","Salary":496312,"Currency":"USD","smoker":true,"gender":"Female","mStat":"S","rating":5},
{"empId":"610265465","empName":"Stafani","Salary":549476,"Currency":"CNY","smoker":false,"gender":"Female","mStat":"S","rating":5},
{"empId":"122716653","empName":"Isis","Salary":364994,"Currency":"PHP","smoker":false,"gender":"Female","mStat":"M","rating":4},
{"empId":"787081799","empName":"Vasily","Salary":283954,"Currency":"EUR","smoker":false,"gender":"Male","mStat":"M","rating":4},
{"empId":"472528782","empName":"Alexander","Salary":283760,"Currency":"EUR","smoker":true,"gender":"Male","mStat":"S","rating":1},
{"empId":"544374367","empName":"Linda","Salary":499407,"Currency":"PLN","smoker":false,"gender":"Female","mStat":"S","rating":1},
{"empId":"387608156","empName":"Clemmie","Salary":422334,"Currency":"MXN","smoker":false,"gender":"Male","mStat":"S","rating":1},
{"empId":"043053684","empName":"Ethelin","Salary":421219,"Currency":"RUB","smoker":true,"gender":"Female","mStat":"S","rating":3},
{"empId":"370108166","empName":"Immanuel","Salary":379321,"Currency":"KHR","smoker":true,"gender":"Male","mStat":"S","rating":3},
{"empId":"042321102","empName":"Jobie","Salary":484128,"Currency":"MYR","smoker":false,"gender":"Female","mStat":"S","rating":2},
{"empId":"842726401","empName":"Suzy","Salary":547647,"Currency":"PHP","smoker":false,"gender":"Female","mStat":"M","rating":3},
{"empId":"253761901","empName":"Raimondo","Salary":377396,"Currency":"BRL","smoker":true,"gender":"Male","mStat":"S","rating":5},
{"empId":"437999637","empName":"Muire","Salary":331968,"Currency":"RUB","smoker":false,"gender":"Female","mStat":"M","rating":3},
{"empId":"408919173","empName":"Margeaux","Salary":515146,"Currency":"CNY","smoker":true,"gender":"Female","mStat":"S","rating":5},
{"empId":"710748531","empName":"Robers","Salary":277756,"Currency":"EUR","smoker":false,"gender":"Male","mStat":"M","rating":5},
{"empId":"176215271","empName":"Sophi","Salary":460456,"Currency":"PLN","smoker":false,"gender":"Female","mStat":"M","rating":5},
{"empId":"232391720","empName":"Zebadiah","Salary":302907,"Currency":"CNY","smoker":false,"gender":"Male","mStat":"S","rating":3},
{"empId":"852031853","empName":"Allister","Salary":482513,"Currency":"CZK","smoker":true,"gender":"Male","mStat":"M","rating":4},
{"empId":"086640239","empName":"Merrili","Salary":338913,"Currency":"RUB","smoker":false,"gender":"Polygender","mStat":"M","rating":2},
{"empId":"609369943","empName":"Simmonds","Salary":308635,"Currency":"SEK","smoker":true,"gender":"Male","mStat":"M","rating":3},
{"empId":"751920972","empName":"Elaina","Salary":330272,"Currency":"IDR","smoker":true,"gender":"Female","mStat":"S","rating":3},
{"empId":"435197005","empName":"Gustaf","Salary":263860,"Currency":"SEK","smoker":false,"gender":"Male","mStat":"M","rating":2},
{"empId":"054228106","empName":"Douglas","Salary":476804,"Currency":"EUR","smoker":false,"gender":"Male","mStat":"S","rating":1},
{"empId":"839152745","empName":"Aurthur","Salary":357873,"Currency":"CNY","smoker":false,"gender":"Male","mStat":"S","rating":5},
{"empId":"995016439","empName":"Charmian","Salary":261274,"Currency":"USD","smoker":false,"gender":"Female","mStat":"M","rating":1},
{"empId":"965328508","empName":"Obediah","Salary":434665,"Currency":"PKR","smoker":false,"gender":"Male","mStat":"S","rating":2},
{"empId":"935895944","empName":"Rogerio","Salary":412963,"Currency":"COP","smoker":false,"gender":"Male","mStat":"S","rating":4},
{"empId":"534892355","empName":"Edythe","Salary":411442,"Currency":"BRL","smoker":true,"gender":"Female","mStat":"M","rating":4},
{"empId":"254347512","empName":"Gregor","Salary":429225,"Currency":"IDR","smoker":false,"gender":"Bigender","mStat":"S","rating":1},
{"empId":"490327570","empName":"Gene","Salary":366107,"Currency":"SEK","smoker":true,"gender":"Male","mStat":"S","rating":1},
{"empId":"164937982","empName":"Raimund","Salary":351564,"Currency":"CNY","smoker":false,"gender":"Male","mStat":"S","rating":1},
{"empId":"358053740","empName":"Jacquelin","Salary":528742,"Currency":"BRL","smoker":false,"gender":"Female","mStat":"S","rating":3},
{"empId":"033905663","empName":"Darda","Salary":415324,"Currency":"USD","smoker":false,"gender":"Female","mStat":"M","rating":4},
{"empId":"808317183","empName":"Cozmo","Salary":471229,"Currency":"PLN","smoker":true,"gender":"Male","mStat":"S","rating":3},
{"empId":"141578355","empName":"Raimondo","Salary":396059,"Currency":"RUB","smoker":false,"gender":"Male","mStat":"S","rating":2},
{"empId":"774406921","empName":"Merle","Salary":295755,"Currency":"RUB","smoker":false,"gender":"Male","mStat":"S","rating":4},
{"empId":"426440043","empName":"Barnett","Salary":376182,"Currency":"CNY","smoker":false,"gender":"Male","mStat":"S","rating":2},
{"empId":"630963178","empName":"Broderic","Salary":346952,"Currency":"NZD","smoker":true,"gender":"Male","mStat":"M","rating":1},
{"empId":"455742423","empName":"Kearney","Salary":359862,"Currency":"EUR","smoker":true,"gender":"Male","mStat":"M","rating":2},
{"empId":"576401832","empName":"Gaultiero","Salary":406253,"Currency":"CNY","smoker":true,"gender":"Male","mStat":"S","rating":5},
{"empId":"801483046","empName":"Ethelred","Salary":340969,"Currency":"CNY","smoker":true,"gender":"Genderfluid","mStat":"M","rating":5},
{"empId":"101984890","empName":"Izaak","Salary":411974,"Currency":"NZD","smoker":false,"gender":"Male","mStat":"M","rating":3},
{"empId":"361259080","empName":"Mady","Salary":503327,"Currency":"USD","smoker":false,"gender":"Female","mStat":"M","rating":4},
{"empId":"119154066","empName":"Gerri","Salary":509814,"Currency":"BZD","smoker":false,"gender":"Male","mStat":"S","rating":5},
{"empId":"615709788","empName":"Archambault","Salary":287718,"Currency":"CNY","smoker":false,"gender":"Male","mStat":"S","rating":5},
{"empId":"708756409","empName":"Arley","Salary":323855,"Currency":"CNY","smoker":true,"gender":"Male","mStat":"M","rating":5},
{"empId":"267845258","empName":"Camella","Salary":340795,"Currency":"BRL","smoker":false,"gender":"Polygender","mStat":"M","rating":4},
{"empId":"706742975","empName":"Silvana","Salary":496986,"Currency":"XPF","smoker":false,"gender":"Female","mStat":"S","rating":3},
{"empId":"942100353","empName":"Aggi","Salary":439271,"Currency":"CNY","smoker":true,"gender":"Female","mStat":"S","rating":2},
{"empId":"227889624","empName":"Wheeler","Salary":514083,"Currency":"IDR","smoker":false,"gender":"Male","mStat":"M","rating":3},
{"empId":"626906984","empName":"Granger","Salary":313545,"Currency":"BYR","smoker":true,"gender":"Male","mStat":"M","rating":2},
{"empId":"246609697","empName":"Harriott","Salary":492284,"Currency":"PYG","smoker":true,"gender":"Female","mStat":"M","rating":4},
{"empId":"633286700","empName":"Aimil","Salary":418499,"Currency":"PLN","smoker":true,"gender":"Female","mStat":"S","rating":2},
{"empId":"406790602","empName":"Hadley","Salary":452150,"Currency":"EUR","smoker":true,"gender":"Male","mStat":"S","rating":1},
{"empId":"277603850","empName":"Rodrick","Salary":533267,"Currency":"EUR","smoker":true,"gender":"Male","mStat":"M","rating":5},
{"empId":"931475710","empName":"Merlina","Salary":365897,"Currency":"AZN","smoker":false,"gender":"Female","mStat":"M","rating":2},
{"empId":"616028777","empName":"Fairfax","Salary":314495,"Currency":"EUR","smoker":false,"gender":"Male","mStat":"S","rating":2},
{"empId":"187740284","empName":"Torrence","Salary":498086,"Currency":"PHP","smoker":true,"gender":"Male","mStat":"M","rating":4},
{"empId":"913047974","empName":"Corbett","Salary":538155,"Currency":"CNY","smoker":true,"gender":"Male","mStat":"S","rating":2},
{"empId":"024017218","empName":"Brand","Salary":531433,"Currency":"LBP","smoker":true,"gender":"Male","mStat":"S","rating":5},
{"empId":"628079071","empName":"Donny","Salary":433417,"Currency":"CNY","smoker":false,"gender":"Male","mStat":"M","rating":5},
{"empId":"305667541","empName":"Octavius","Salary":389147,"Currency":"IDR","smoker":false,"gender":"Male","mStat":"M","rating":2},
{"empId":"680872112","empName":"Fionna","Salary":333463,"Currency":"EUR","smoker":false,"gender":"Female","mStat":"S","rating":1},
{"empId":"793164210","empName":"Leonore","Salary":398220,"Currency":"IDR","smoker":true,"gender":"Female","mStat":"M","rating":4},
{"empId":"542873225","empName":"Justine","Salary":308755,"Currency":"NOK","smoker":true,"gender":"Female","mStat":"M","rating":3},
{"empId":"012789302","empName":"Brew","Salary":294188,"Currency":"ARS","smoker":true,"gender":"Male","mStat":"S","rating":3},
{"empId":"039462393","empName":"Thia","Salary":418513,"Currency":"EUR","smoker":false,"gender":"Female","mStat":"S","rating":1},
{"empId":"218130405","empName":"Antony","Salary":488938,"Currency":"MKD","smoker":false,"gender":"Male","mStat":"S","rating":3},
{"empId":"796026052","empName":"Wiatt","Salary":263503,"Currency":"CNY","smoker":true,"gender":"Agender","mStat":"S","rating":1},
{"empId":"761705498","empName":"Chloris","Salary":312463,"Currency":"CUP","smoker":false,"gender":"Female","mStat":"S","rating":1},
{"empId":"897060399","empName":"Parsifal","Salary":292591,"Currency":"PLN","smoker":false,"gender":"Male","mStat":"S","rating":5},
{"empId":"213482053","empName":"Amabelle","Salary":253191,"Currency":"CNY","smoker":true,"gender":"Female","mStat":"M","rating":3},
{"empId":"332649969","empName":"Winne","Salary":378184,"Currency":"CNY","smoker":false,"gender":"Female","mStat":"S","rating":5},
{"empId":"864893703","empName":"Alyce","Salary":515791,"Currency":"CNY","smoker":false,"gender":"Female","mStat":"S","rating":3},
{"empId":"583872670","empName":"Lanie","Salary":365641,"Currency":"XCD","smoker":true,"gender":"Male","mStat":"M","rating":3},
{"empId":"057987514","empName":"Maurene","Salary":425843,"Currency":"RUB","smoker":true,"gender":"Female","mStat":"S","rating":4},
{"empId":"785036838","empName":"Frieda","Salary":494296,"Currency":"CNY","smoker":true,"gender":"Female","mStat":"S","rating":4},
{"empId":"105624284","empName":"Eleonore","Salary":280477,"Currency":"EUR","smoker":false,"gender":"Female","mStat":"S","rating":5},
{"empId":"060258437","empName":"Bunny","Salary":361394,"Currency":"CNY","smoker":true,"gender":"Female","mStat":"S","rating":5},
{"empId":"751555491","empName":"Frank","Salary":443368,"Currency":"RUB","smoker":false,"gender":"Female","mStat":"S","rating":4},
{"empId":"839098815","empName":"Eddie","Salary":347995,"Currency":"UAH","smoker":false,"gender":"Female","mStat":"S","rating":5},
{"empId":"035206685","empName":"Starlin","Salary":401855,"Currency":"PEN","smoker":true,"gender":"Female","mStat":"S","rating":4},
{"empId":"936266978","empName":"Kirsti","Salary":383648,"Currency":"UAH","smoker":false,"gender":"Female","mStat":"M","rating":1},
{"empId":"636938915","empName":"Findlay","Salary":303852,"Currency":"IDR","smoker":true,"gender":"Male","mStat":"M","rating":1},
{"empId":"995667172","empName":"Koralle","Salary":504516,"Currency":"BRL","smoker":true,"gender":"Female","mStat":"S","rating":3},
{"empId":"448443220","empName":"Antonina","Salary":542949,"Currency":"KHR","smoker":false,"gender":"Female","mStat":"M","rating":3},
{"empId":"325213777","empName":"Lizzy","Salary":359305,"Currency":"EUR","smoker":false,"gender":"Female","mStat":"M","rating":3},
{"empId":"176440654","empName":"Gerome","Salary":263158,"Currency":"PLN","smoker":false,"gender":"Male","mStat":"M","rating":4},
{"empId":"198412045","empName":"Becky","Salary":415838,"Currency":"KES","smoker":true,"gender":"Female","mStat":"M","rating":3},
{"empId":"865754507","empName":"Carolynn","Salary":318392,"Currency":"EUR","smoker":false,"gender":"Agender","mStat":"M","rating":1},
{"empId":"528218414","empName":"Codi","Salary":335967,"Currency":"CAD","smoker":false,"gender":"Polygender","mStat":"M","rating":1},
{"empId":"124891555","empName":"Rock","Salary":470693,"Currency":"GNF","smoker":true,"gender":"Male","mStat":"M","rating":1},
{"empId":"316813778","empName":"Hadria","Salary":318088,"Currency":"EUR","smoker":true,"gender":"Female","mStat":"S","rating":2},
{"empId":"356823042","empName":"Lesya","Salary":338517,"Currency":"HNL","smoker":true,"gender":"Female","mStat":"M","rating":5},
{"empId":"743215987","empName":"Boigie","Salary":413479,"Currency":"SEK","smoker":true,"gender":"Agender","mStat":"S","rating":4},
{"empId":"616692149","empName":"Meryl","Salary":548667,"Currency":"PEN","smoker":true,"gender":"Male","mStat":"S","rating":5},
{"empId":"065084046","empName":"Andriana","Salary":348962,"Currency":"EUR","smoker":true,"gender":"Female","mStat":"M","rating":1},
{"empId":"315751516","empName":"Umberto","Salary":253878,"Currency":"IDR","smoker":false,"gender":"Male","mStat":"S","rating":3},
{"empId":"204788446","empName":"Husein","Salary":489501,"Currency":"IDR","smoker":false,"gender":"Male","mStat":"M","rating":4},
{"empId":"282017238","empName":"Amelia","Salary":496680,"Currency":"EUR","smoker":true,"gender":"Female","mStat":"M","rating":1},
{"empId":"271821982","empName":"Nyssa","Salary":503151,"Currency":"CNY","smoker":false,"gender":"Female","mStat":"M","rating":1},
{"empId":"473799902","empName":"Jeffie","Salary":328476,"Currency":"CNY","smoker":false,"gender":"Male","mStat":"M","rating":4},
{"empId":"217811310","empName":"Melisandra","Salary":529119,"Currency":"PHP","smoker":true,"gender":"Female","mStat":"S","rating":5},
{"empId":"878980045","empName":"Kiele","Salary":541914,"Currency":"GMD","smoker":false,"gender":"Female","mStat":"M","rating":4},
{"empId":"162545212","empName":"Debee","Salary":320227,"Currency":"IDR","smoker":false,"gender":"Female","mStat":"M","rating":2},
{"empId":"816196523","empName":"Pauly","Salary":462038,"Currency":"SEK","smoker":true,"gender":"Male","mStat":"M","rating":5},
{"empId":"094597406","empName":"Goraud","Salary":412462,"Currency":"SEK","smoker":true,"gender":"Male","mStat":"S","rating":2},
{"empId":"765354572","empName":"Samuel","Salary":379645,"Currency":"IDR","smoker":false,"gender":"Male","mStat":"M","rating":3},
{"empId":"182505343","empName":"Janka","Salary":276994,"Currency":"IDR","smoker":false,"gender":"Female","mStat":"S","rating":3},
{"empId":"693329202","empName":"Madge","Salary":505589,"Currency":"CNY","smoker":true,"gender":"Female","mStat":"M","rating":5},
{"empId":"010222785","empName":"Banky","Salary":441256,"Currency":"BYR","smoker":true,"gender":"Male","mStat":"S","rating":4},
{"empId":"925467167","empName":"Linnet","Salary":475045,"Currency":"SAR","smoker":false,"gender":"Female","mStat":"M","rating":5},
{"empId":"707511839","empName":"Doralyn","Salary":363026,"Currency":"DOP","smoker":false,"gender":"Bigender","mStat":"S","rating":3},
{"empId":"132378547","empName":"Norina","Salary":436345,"Currency":"CNY","smoker":true,"gender":"Female","mStat":"S","rating":5},
{"empId":"530842308","empName":"Regan","Salary":498222,"Currency":"THB","smoker":false,"gender":"Female","mStat":"S","rating":5},
{"empId":"085834103","empName":"Broddie","Salary":341017,"Currency":"CNY","smoker":true,"gender":"Male","mStat":"S","rating":4},
{"empId":"614675425","empName":"Courtnay","Salary":430587,"Currency":"USD","smoker":false,"gender":"Male","mStat":"M","rating":3},
{"empId":"662702261","empName":"Ilise","Salary":385427,"Currency":"BAM","smoker":false,"gender":"Female","mStat":"M","rating":5},
{"empId":"181097148","empName":"Bronson","Salary":312415,"Currency":"PEN","smoker":true,"gender":"Male","mStat":"M","rating":5},
{"empId":"847422475","empName":"Elroy","Salary":373183,"Currency":"IDR","smoker":false,"gender":"Male","mStat":"M","rating":1},
{"empId":"702753670","empName":"Eduino","Salary":286042,"Currency":"CNY","smoker":false,"gender":"Male","mStat":"M","rating":2},
{"empId":"021569297","empName":"Farica","Salary":441620,"Currency":"RUB","smoker":false,"gender":"Female","mStat":"S","rating":2},
{"empId":"607647217","empName":"Barth","Salary":497014,"Currency":"ZAR","smoker":true,"gender":"Male","mStat":"S","rating":5},
{"empId":"835374920","empName":"Killian","Salary":381508,"Currency":"EUR","smoker":false,"gender":"Male","mStat":"M","rating":5},
{"empId":"398960726","empName":"Ashil","Salary":490541,"Currency":"USD","smoker":false,"gender":"Female","mStat":"S","rating":3},
{"empId":"880780418","empName":"Shep","Salary":251192,"Currency":"CNY","smoker":false,"gender":"Male","mStat":"M","rating":4},
{"empId":"690169075","empName":"Sofie","Salary":517973,"Currency":"CNY","smoker":false,"gender":"Agender","mStat":"S","rating":2},
{"empId":"955402485","empName":"Felice","Salary":424551,"Currency":"AMD","smoker":false,"gender":"Female","mStat":"S","rating":1},
{"empId":"048229706","empName":"Philipa","Salary":495270,"Currency":"CNY","smoker":false,"gender":"Female","mStat":"S","rating":2},
{"empId":"397347530","empName":"Abigale","Salary":401136,"Currency":"RUB","smoker":true,"gender":"Female","mStat":"S","rating":2},
{"empId":"410959090","empName":"Vivie","Salary":259037,"Currency":"CNY","smoker":true,"gender":"Female","mStat":"M","rating":3},
{"empId":"830658987","empName":"Federico","Salary":521352,"Currency":"XAF","smoker":true,"gender":"Male","mStat":"M","rating":5},
{"empId":"764151164","empName":"Alyss","Salary":440397,"Currency":"IDR","smoker":false,"gender":"Female","mStat":"S","rating":2},
{"empId":"360826120","empName":"Cindelyn","Salary":404320,"Currency":"SYP","smoker":false,"gender":"Female","mStat":"M","rating":3},
{"empId":"517668525","empName":"Amity","Salary":511232,"Currency":"SLL","smoker":false,"gender":"Female","mStat":"S","rating":2},
{"empId":"684560836","empName":"Allix","Salary":253547,"Currency":"IDR","smoker":true,"gender":"Female","mStat":"S","rating":2},
{"empId":"678224176","empName":"Richie","Salary":417043,"Currency":"HNL","smoker":true,"gender":"Male","mStat":"S","rating":3},
{"empId":"464428914","empName":"Dinnie","Salary":522191,"Currency":"PHP","smoker":false,"gender":"Female","mStat":"M","rating":1},
{"empId":"890360677","empName":"Mechelle","Salary":457756,"Currency":"SEK","smoker":true,"gender":"Female","mStat":"S","rating":1},
{"empId":"252924706","empName":"Stesha","Salary":446489,"Currency":"PHP","smoker":true,"gender":"Female","mStat":"M","rating":5},
{"empId":"143978642","empName":"Herrick","Salary":338789,"Currency":"PKR","smoker":false,"gender":"Male","mStat":"M","rating":2},
{"empId":"436355479","empName":"Ezequiel","Salary":254708,"Currency":"HRK","smoker":false,"gender":"Male","mStat":"S","rating":3},
{"empId":"826017254","empName":"Northrup","Salary":385281,"Currency":"IDR","smoker":false,"gender":"Male","mStat":"M","rating":3},
{"empId":"844145706","empName":"Beltran","Salary":494701,"Currency":"IDR","smoker":false,"gender":"Male","mStat":"M","rating":1},
{"empId":"115985765","empName":"Josselyn","Salary":322068,"Currency":"USD","smoker":false,"gender":"Female","mStat":"M","rating":4},
{"empId":"669081286","empName":"Fawn","Salary":292616,"Currency":"CZK","smoker":true,"gender":"Female","mStat":"M","rating":4},
{"empId":"131173384","empName":"Alyson","Salary":275924,"Currency":"MDL","smoker":false,"gender":"Female","mStat":"M","rating":1},
{"empId":"099646400","empName":"Lorine","Salary":300398,"Currency":"CNY","smoker":true,"gender":"Female","mStat":"S","rating":5},
{"empId":"221981064","empName":"Hale","Salary":349512,"Currency":"MNT","smoker":false,"gender":"Male","mStat":"S","rating":3},
{"empId":"460005791","empName":"Kippar","Salary":284268,"Currency":"RUB","smoker":false,"gender":"Male","mStat":"M","rating":2},
{"empId":"499107449","empName":"Bradley","Salary":491220,"Currency":"IDR","smoker":true,"gender":"Male","mStat":"S","rating":5},
{"empId":"541928284","empName":"Joleen","Salary":455286,"Currency":"PEN","smoker":false,"gender":"Genderqueer","mStat":"M","rating":1},
{"empId":"988880320","empName":"Heinrick","Salary":315368,"Currency":"IDR","smoker":true,"gender":"Male","mStat":"S","rating":4},
{"empId":"900654274","empName":"Nathan","Salary":267573,"Currency":"EUR","smoker":true,"gender":"Male","mStat":"S","rating":1},
{"empId":"522717356","empName":"Ann","Salary":534519,"Currency":"CNY","smoker":false,"gender":"Female","mStat":"M","rating":5},
{"empId":"995428441","empName":"Buck","Salary":444375,"Currency":"EUR","smoker":false,"gender":"Male","mStat":"M","rating":2},
{"empId":"115826497","empName":"Alexandra","Salary":381110,"Currency":"RUB","smoker":false,"gender":"Female","mStat":"S","rating":1},
{"empId":"012448009","empName":"Ellerey","Salary":396983,"Currency":"PLN","smoker":true,"gender":"Male","mStat":"S","rating":4},
{"empId":"780706299","empName":"Sandie","Salary":474958,"Currency":"CNY","smoker":true,"gender":"Female","mStat":"M","rating":2},
{"empId":"331414456","empName":"Virgina","Salary":358346,"Currency":"CNY","smoker":false,"gender":"Female","mStat":"M","rating":1},
{"empId":"712563079","empName":"Giustina","Salary":502147,"Currency":"CNY","smoker":true,"gender":"Female","mStat":"S","rating":5},
{"empId":"497560604","empName":"Brigg","Salary":284943,"Currency":"PLN","smoker":true,"gender":"Male","mStat":"S","rating":4},
{"empId":"976676204","empName":"Felecia","Salary":407152,"Currency":"RUB","smoker":true,"gender":"Female","mStat":"S","rating":1},
{"empId":"820779606","empName":"Tatum","Salary":351034,"Currency":"DOP","smoker":true,"gender":"Female","mStat":"S","rating":1},
{"empId":"170445464","empName":"Viv","Salary":392978,"Currency":"EUR","smoker":true,"gender":"Female","mStat":"M","rating":1},
{"empId":"353530957","empName":"Erda","Salary":523996,"Currency":"EUR","smoker":true,"gender":"Female","mStat":"S","rating":3},
{"empId":"759771531","empName":"Grange","Salary":490386,"Currency":"XOF","smoker":true,"gender":"Male","mStat":"S","rating":2},
{"empId":"519987756","empName":"Hartwell","Salary":369459,"Currency":"IDR","smoker":false,"gender":"Male","mStat":"M","rating":3},
{"empId":"398654203","empName":"Peg","Salary":369415,"Currency":"RUB","smoker":true,"gender":"Female","mStat":"M","rating":2},
{"empId":"635201894","empName":"Tremaine","Salary":313119,"Currency":"CNY","smoker":false,"gender":"Polygender","mStat":"S","rating":4},
{"empId":"079097702","empName":"Agna","Salary":540123,"Currency":"CNY","smoker":true,"gender":"Bigender","mStat":"M","rating":1},
{"empId":"614956958","empName":"Otis","Salary":295887,"Currency":"PLN","smoker":true,"gender":"Male","mStat":"S","rating":5},
{"empId":"514847308","empName":"Jodie","Salary":548889,"Currency":"CNY","smoker":true,"gender":"Male","mStat":"S","rating":2},
{"empId":"683502615","empName":"Sheeree","Salary":537975,"Currency":"BYR","smoker":false,"gender":"Female","mStat":"M","rating":2},
{"empId":"061610523","empName":"Delano","Salary":537831,"Currency":"BRL","smoker":true,"gender":"Genderqueer","mStat":"M","rating":1},
{"empId":"941079911","empName":"Cullie","Salary":460235,"Currency":"PKR","smoker":true,"gender":"Male","mStat":"M","rating":4},
{"empId":"825366970","empName":"Derron","Salary":430299,"Currency":"CNY","smoker":false,"gender":"Male","mStat":"S","rating":4},
{"empId":"095103309","empName":"Jyoti","Salary":526109,"Currency":"CNY","smoker":false,"gender":"Female","mStat":"S","rating":1},
{"empId":"993162143","empName":"Andres","Salary":416268,"Currency":"PAB","smoker":false,"gender":"Male","mStat":"S","rating":4},
{"empId":"804263968","empName":"Konstanze","Salary":404389,"Currency":"CZK","smoker":false,"gender":"Polygender","mStat":"S","rating":2},
{"empId":"596740806","empName":"Ade","Salary":469054,"Currency":"CNY","smoker":true,"gender":"Male","mStat":"M","rating":5},
{"empId":"576024143","empName":"Dyan","Salary":373159,"Currency":"BYR","smoker":false,"gender":"Female","mStat":"S","rating":5},
{"empId":"052587123","empName":"Elia","Salary":467530,"Currency":"THB","smoker":false,"gender":"Polygender","mStat":"M","rating":2},
{"empId":"210181502","empName":"Renaud","Salary":492990,"Currency":"USD","smoker":false,"gender":"Male","mStat":"S","rating":1},
{"empId":"447137426","empName":"Celinda","Salary":300670,"Currency":"PEN","smoker":true,"gender":"Female","mStat":"M","rating":4},
{"empId":"085608176","empName":"Durant","Salary":543214,"Currency":"IDR","smoker":true,"gender":"Male","mStat":"M","rating":4},
{"empId":"144447156","empName":"Sancho","Salary":414450,"Currency":"YER","smoker":true,"gender":"Genderfluid","mStat":"S","rating":4},
{"empId":"711061329","empName":"Hollyanne","Salary":354150,"Currency":"EUR","smoker":false,"gender":"Female","mStat":"S","rating":3},
{"empId":"825518442","empName":"Karita","Salary":394800,"Currency":"THB","smoker":true,"gender":"Female","mStat":"S","rating":4},
{"empId":"514662742","empName":"Jasen","Salary":395177,"Currency":"CNY","smoker":false,"gender":"Male","mStat":"M","rating":3},
{"empId":"119263711","empName":"Sibel","Salary":523405,"Currency":"CNY","smoker":true,"gender":"Female","mStat":"S","rating":2},
{"empId":"323067068","empName":"Elicia","Salary":440995,"Currency":"BRL","smoker":true,"gender":"Female","mStat":"M","rating":1},
{"empId":"858763867","empName":"Alexandra","Salary":513249,"Currency":"PLN","smoker":true,"gender":"Female","mStat":"M","rating":4},
{"empId":"124326553","empName":"Reggis","Salary":456715,"Currency":"GEL","smoker":true,"gender":"Male","mStat":"M","rating":1},
{"empId":"184722933","empName":"Sawyere","Salary":348183,"Currency":"EUR","smoker":true,"gender":"Male","mStat":"M","rating":1},
{"empId":"937562528","empName":"Aindrea","Salary":295763,"Currency":"SEK","smoker":false,"gender":"Female","mStat":"M","rating":1},
{"empId":"789463930","empName":"Nicholas","Salary":287276,"Currency":"EUR","smoker":false,"gender":"Male","mStat":"S","rating":2},
{"empId":"166675923","empName":"Ariella","Salary":342890,"Currency":"IDR","smoker":false,"gender":"Female","mStat":"S","rating":2},
{"empId":"879044812","empName":"Arda","Salary":300333,"Currency":"RUB","smoker":false,"gender":"Female","mStat":"M","rating":4},
{"empId":"838026278","empName":"Casie","Salary":408488,"Currency":"CNY","smoker":true,"gender":"Female","mStat":"S","rating":2},
{"empId":"221055462","empName":"Elberta","Salary":264967,"Currency":"EUR","smoker":true,"gender":"Female","mStat":"M","rating":2},
{"empId":"133394480","empName":"Jenn","Salary":258171,"Currency":"LYD","smoker":true,"gender":"Female","mStat":"M","rating":2},
{"empId":"447538775","empName":"Claudetta","Salary":405191,"Currency":"PLN","smoker":true,"gender":"Female","mStat":"S","rating":5},
{"empId":"874236290","empName":"Jarred","Salary":326387,"Currency":"BRL","smoker":false,"gender":"Male","mStat":"M","rating":2},
{"empId":"726814910","empName":"Caroline","Salary":514186,"Currency":"EUR","smoker":true,"gender":"Female","mStat":"M","rating":2},
{"empId":"094310114","empName":"Jenilee","Salary":464534,"Currency":"RUB","smoker":true,"gender":"Female","mStat":"M","rating":2},
{"empId":"021750210","empName":"Andrew","Salary":409303,"Currency":"BRL","smoker":false,"gender":"Male","mStat":"S","rating":1},
{"empId":"124828124","empName":"Millard","Salary":473788,"Currency":"CNY","smoker":true,"gender":"Male","mStat":"S","rating":4},
{"empId":"971046401","empName":"Ennis","Salary":398997,"Currency":"HRK","smoker":true,"gender":"Male","mStat":"S","rating":3},
{"empId":"283646368","empName":"Cherye","Salary":331792,"Currency":"VEF","smoker":false,"gender":"Nonbinary","mStat":"S","rating":2},
{"empId":"698714433","empName":"Kellie","Salary":361369,"Currency":"RUB","smoker":true,"gender":"Female","mStat":"S","rating":5},
{"empId":"967184597","empName":"Barn","Salary":328673,"Currency":"NZD","smoker":true,"gender":"Agender","mStat":"S","rating":2},
{"empId":"182231129","empName":"Jasun","Salary":273022,"Currency":"CNY","smoker":false,"gender":"Male","mStat":"S","rating":3},
{"empId":"917288154","empName":"Yetta","Salary":327770,"Currency":"PHP","smoker":false,"gender":"Female","mStat":"S","rating":1},
{"empId":"148028680","empName":"Hewe","Salary":389925,"Currency":"PHP","smoker":false,"gender":"Male","mStat":"M","rating":1},
{"empId":"985509460","empName":"Helyn","Salary":450664,"Currency":"PEN","smoker":true,"gender":"Female","mStat":"S","rating":5},
{"empId":"266413101","empName":"Randi","Salary":469403,"Currency":"PHP","smoker":false,"gender":"Female","mStat":"M","rating":3},
{"empId":"920939085","empName":"Karena","Salary":350835,"Currency":"IDR","smoker":false,"gender":"Female","mStat":"S","rating":4},
{"empId":"096805773","empName":"Hubey","Salary":298161,"Currency":"EUR","smoker":true,"gender":"Male","mStat":"M","rating":3},
{"empId":"881489943","empName":"Rurik","Salary":397744,"Currency":"PLN","smoker":false,"gender":"Male","mStat":"S","rating":3},
{"empId":"863352164","empName":"Amalea","Salary":376192,"Currency":"SEK","smoker":true,"gender":"Female","mStat":"M","rating":3},
{"empId":"252095484","empName":"Cami","Salary":253294,"Currency":"BDT","smoker":true,"gender":"Female","mStat":"M","rating":3},
{"empId":"163709957","empName":"Jobie","Salary":342034,"Currency":"CNY","smoker":true,"gender":"Female","mStat":"M","rating":1},
{"empId":"119673284","empName":"Rebecca","Salary":508116,"Currency":"EUR","smoker":false,"gender":"Female","mStat":"M","rating":4},
{"empId":"789979653","empName":"Dorita","Salary":503987,"Currency":"CNY","smoker":false,"gender":"Female","mStat":"S","rating":5},
{"empId":"765674442","empName":"Hasty","Salary":299551,"Currency":"EUR","smoker":true,"gender":"Male","mStat":"S","rating":3},
{"empId":"760470085","empName":"Alexa","Salary":483001,"Currency":"MAD","smoker":true,"gender":"Female","mStat":"S","rating":3},
{"empId":"103271094","empName":"Kizzie","Salary":304898,"Currency":"NOK","smoker":false,"gender":"Female","mStat":"S","rating":2},
{"empId":"429965786","empName":"Thomasa","Salary":463423,"Currency":"USD","smoker":true,"gender":"Female","mStat":"S","rating":3},
{"empId":"680578429","empName":"Kingston","Salary":447974,"Currency":"RUB","smoker":true,"gender":"Male","mStat":"M","rating":1},
{"empId":"992827954","empName":"Miriam","Salary":361756,"Currency":"USD","smoker":true,"gender":"Female","mStat":"M","rating":2},
{"empId":"454657535","empName":"Munmro","Salary":263799,"Currency":"SEK","smoker":true,"gender":"Male","mStat":"M","rating":4},
{"empId":"103576464","empName":"Ransom","Salary":379328,"Currency":"CNY","smoker":false,"gender":"Male","mStat":"S","rating":5},
{"empId":"726228659","empName":"Gerard","Salary":428165,"Currency":"AMD","smoker":false,"gender":"Male","mStat":"M","rating":2},
{"empId":"636303905","empName":"Shauna","Salary":437210,"Currency":"EUR","smoker":false,"gender":"Female","mStat":"M","rating":1},
{"empId":"657857161","empName":"Amandie","Salary":439933,"Currency":"IDR","smoker":false,"gender":"Agender","mStat":"S","rating":5},
{"empId":"695455359","empName":"Jilleen","Salary":387159,"Currency":"CNY","smoker":false,"gender":"Genderqueer","mStat":"M","rating":3},
{"empId":"066845541","empName":"Jarred","Salary":394066,"Currency":"EUR","smoker":true,"gender":"Male","mStat":"M","rating":5},
{"empId":"570978522","empName":"Germayne","Salary":488556,"Currency":"ETB","smoker":false,"gender":"Male","mStat":"M","rating":1},
{"empId":"453922648","empName":"Jeremy","Salary":434725,"Currency":"CNY","smoker":false,"gender":"Male","mStat":"M","rating":4},
{"empId":"548129393","empName":"Rafaelita","Salary":518481,"Currency":"CNY","smoker":true,"gender":"Female","mStat":"S","rating":3},
{"empId":"810397113","empName":"Mamie","Salary":292829,"Currency":"SEK","smoker":false,"gender":"Female","mStat":"M","rating":1},
{"empId":"722589070","empName":"Rriocard","Salary":343675,"Currency":"RUB","smoker":true,"gender":"Male","mStat":"S","rating":2},
{"empId":"686499538","empName":"Halsy","Salary":308234,"Currency":"RUB","smoker":false,"gender":"Male","mStat":"M","rating":2},
{"empId":"493602819","empName":"Hailee","Salary":307066,"Currency":"EUR","smoker":true,"gender":"Female","mStat":"S","rating":1},
{"empId":"517406940","empName":"Patrick","Salary":345852,"Currency":"PLN","smoker":false,"gender":"Male","mStat":"S","rating":5},
{"empId":"016311377","empName":"Corella","Salary":498922,"Currency":"UAH","smoker":true,"gender":"Female","mStat":"S","rating":4},
{"empId":"774992745","empName":"Kristin","Salary":382962,"Currency":"EUR","smoker":false,"gender":"Female","mStat":"M","rating":1},
{"empId":"704604337","empName":"Imogen","Salary":530334,"Currency":"SEK","smoker":true,"gender":"Female","mStat":"M","rating":2},
{"empId":"434812585","empName":"Bobina","Salary":359530,"Currency":"PKR","smoker":true,"gender":"Female","mStat":"S","rating":3},
{"empId":"457986765","empName":"Stearne","Salary":397391,"Currency":"NGN","smoker":true,"gender":"Male","mStat":"M","rating":5},
{"empId":"763801595","empName":"Simon","Salary":272866,"Currency":"EUR","smoker":false,"gender":"Male","mStat":"S","rating":4},
{"empId":"438216568","empName":"Wiatt","Salary":486041,"Currency":"USD","smoker":false,"gender":"Male","mStat":"M","rating":2},
{"empId":"442230814","empName":"Brnaby","Salary":388125,"Currency":"EUR","smoker":true,"gender":"Male","mStat":"S","rating":2},
{"empId":"880241076","empName":"Hayyim","Salary":505982,"Currency":"SAR","smoker":true,"gender":"Male","mStat":"M","rating":5},
{"empId":"597287170","empName":"Zacharie","Salary":354878,"Currency":"JPY","smoker":true,"gender":"Male","mStat":"S","rating":5},
{"empId":"253927977","empName":"Eleni","Salary":333928,"Currency":"PLN","smoker":true,"gender":"Female","mStat":"M","rating":1},
{"empId":"272728140","empName":"Nestor","Salary":284435,"Currency":"EUR","smoker":false,"gender":"Male","mStat":"S","rating":2},
{"empId":"899939385","empName":"Thekla","Salary":446276,"Currency":"YER","smoker":false,"gender":"Female","mStat":"M","rating":2},
{"empId":"053245691","empName":"Cassie","Salary":436152,"Currency":"RUB","smoker":false,"gender":"Polygender","mStat":"S","rating":5},
{"empId":"079619170","empName":"Obed","Salary":535006,"Currency":"CNY","smoker":false,"gender":"Male","mStat":"M","rating":4},
{"empId":"140086853","empName":"Fraser","Salary":367518,"Currency":"BRL","smoker":true,"gender":"Male","mStat":"M","rating":2},
{"empId":"473483292","empName":"Elsie","Salary":532239,"Currency":"CNY","smoker":false,"gender":"Female","mStat":"M","rating":2},
{"empId":"854198941","empName":"Jan","Salary":542172,"Currency":"DKK","smoker":true,"gender":"Male","mStat":"M","rating":5},
{"empId":"723393366","empName":"Paulette","Salary":537728,"Currency":"BRL","smoker":true,"gender":"Female","mStat":"S","rating":4},
{"empId":"971536868","empName":"Broddy","Salary":263369,"Currency":"CNY","smoker":true,"gender":"Male","mStat":"M","rating":3},
{"empId":"110342005","empName":"Abagael","Salary":363026,"Currency":"IDR","smoker":false,"gender":"Female","mStat":"S","rating":5},
{"empId":"533129337","empName":"Emmalyn","Salary":307977,"Currency":"PLN","smoker":true,"gender":"Female","mStat":"S","rating":1},
{"empId":"921331280","empName":"Sarah","Salary":297487,"Currency":"PLN","smoker":false,"gender":"Genderqueer","mStat":"M","rating":2},
{"empId":"669472156","empName":"Nicola","Salary":343300,"Currency":"GTQ","smoker":false,"gender":"Female","mStat":"S","rating":4},
{"empId":"482523516","empName":"Parsifal","Salary":336958,"Currency":"PLN","smoker":true,"gender":"Genderfluid","mStat":"S","rating":3},
{"empId":"268165592","empName":"Sheffy","Salary":457797,"Currency":"CZK","smoker":false,"gender":"Male","mStat":"M","rating":1},
{"empId":"502383366","empName":"Waylen","Salary":509061,"Currency":"NOK","smoker":true,"gender":"Male","mStat":"S","rating":1},
{"empId":"924367508","empName":"Clint","Salary":342717,"Currency":"EUR","smoker":true,"gender":"Male","mStat":"S","rating":2},
{"empId":"275350263","empName":"Nelie","Salary":433654,"Currency":"JPY","smoker":false,"gender":"Female","mStat":"M","rating":3},
{"empId":"203406442","empName":"Brinn","Salary":322096,"Currency":"BDT","smoker":false,"gender":"Genderqueer","mStat":"S","rating":2},
{"empId":"994156656","empName":"Jason","Salary":325005,"Currency":"SEK","smoker":false,"gender":"Male","mStat":"M","rating":4},
{"empId":"487697004","empName":"Chelsie","Salary":283976,"Currency":"NZD","smoker":true,"gender":"Female","mStat":"M","rating":5},
{"empId":"314950253","empName":"Peggy","Salary":527322,"Currency":"PEN","smoker":true,"gender":"Female","mStat":"S","rating":2},
{"empId":"723633968","empName":"Gradey","Salary":300324,"Currency":"EUR","smoker":true,"gender":"Male","mStat":"M","rating":5},
{"empId":"852246565","empName":"Orran","Salary":484196,"Currency":"ZAR","smoker":true,"gender":"Male","mStat":"S","rating":2},
{"empId":"462242540","empName":"Peder","Salary":435723,"Currency":"CNY","smoker":true,"gender":"Male","mStat":"S","rating":3},
{"empId":"959351266","empName":"Cesar","Salary":417286,"Currency":"UAH","smoker":false,"gender":"Male","mStat":"M","rating":2},
{"empId":"472076084","empName":"Violante","Salary":338795,"Currency":"MUR","smoker":true,"gender":"Female","mStat":"S","rating":2},
{"empId":"854591376","empName":"Faina","Salary":507755,"Currency":"CZK","smoker":false,"gender":"Female","mStat":"S","rating":1},
{"empId":"338419210","empName":"Doreen","Salary":305504,"Currency":"NOK","smoker":true,"gender":"Female","mStat":"S","rating":4},
{"empId":"332770165","empName":"Lotti","Salary":494076,"Currency":"BAM","smoker":true,"gender":"Female","mStat":"S","rating":1},
{"empId":"597105433","empName":"Eliot","Salary":376706,"Currency":"MXN","smoker":true,"gender":"Male","mStat":"M","rating":3},
{"empId":"639605277","empName":"Gonzales","Salary":468823,"Currency":"MAD","smoker":true,"gender":"Male","mStat":"M","rating":2},
{"empId":"111708123","empName":"Kandace","Salary":331002,"Currency":"DKK","smoker":false,"gender":"Nonbinary","mStat":"S","rating":5},
{"empId":"598053887","empName":"Sybila","Salary":406430,"Currency":"CNY","smoker":false,"gender":"Female","mStat":"S","rating":1},
{"empId":"424226398","empName":"Ripley","Salary":299682,"Currency":"PLN","smoker":false,"gender":"Male","mStat":"S","rating":1},
{"empId":"571488065","empName":"Carlo","Salary":370694,"Currency":"MAD","smoker":true,"gender":"Male","mStat":"M","rating":3},
{"empId":"021466648","empName":"Ernst","Salary":425690,"Currency":"IDR","smoker":true,"gender":"Male","mStat":"M","rating":1},
{"empId":"161317932","empName":"Alexandre","Salary":458460,"Currency":"CNY","smoker":true,"gender":"Male","mStat":"M","rating":4},
{"empId":"600988414","empName":"Oran","Salary":310972,"Currency":"USD","smoker":true,"gender":"Male","mStat":"S","rating":1},
{"empId":"964740940","empName":"Philip","Salary":284316,"Currency":"PLN","smoker":false,"gender":"Male","mStat":"S","rating":4},
{"empId":"196248659","empName":"Georgina","Salary":429309,"Currency":"MGA","smoker":false,"gender":"Female","mStat":"M","rating":1},
{"empId":"628714625","empName":"Elva","Salary":288524,"Currency":"BAM","smoker":false,"gender":"Female","mStat":"S","rating":2},
{"empId":"204904853","empName":"Ailina","Salary":430029,"Currency":"CNY","smoker":false,"gender":"Female","mStat":"M","rating":1},
{"empId":"079092224","empName":"Oswald","Salary":476444,"Currency":"CNY","smoker":false,"gender":"Male","mStat":"M","rating":5}]}