<core:FragmentDefinition xmlns:mvc="sap.ui.core.mvc" xmlns="sap.m" xmlns:f="sap.ui.layout.form" 
xmlns:core="sap.ui.core" xmlns:sap.ui.layout="sap.ui.layout">
<!--ntt.hr.payroll.fragments.cities-->
<f:SimpleForm editable="true">

    <Label text="Dropdown"/>
    <!-- Dropdown declaration - all cities will be listed in drop down as item -->
    <Select items="{/cities}" maxWidth="20%">
    <!-- items belongs to core namespace so include it in top -->      
        <core:Item text="{cityName}" key="{cityName}" />                      
    </Select>

    <Label text="Dropdown + Input field ~~ Combo box"/>
    <!-- Combo box allows input to search and add input to existing items and also select the exisitng items -->
    <ComboBox items="{/cities}" maxWidth="20%">
    <!-- items belongs to core namespace so include it in top -->      
        <core:Item text="{cityName}" key="{cityName}" />                      
    </ComboBox>

    <Label text="Multi Combo box"/>
    <!-- Multi Combo box -->
    <MultiComboBox items="{/cities}" maxWidth="20%">
    <!-- items belongs to core namespace so include it in top -->      
        <core:Item text="{cityName}" key="{cityName}" />                      
    </MultiComboBox>                            

</f:SimpleForm>

<sap.ui.layout:Grid id="grid0">
    <sap.ui.layout:content>
        <Label text="Order">
            <layoutData>
                <sap.ui.layout:GridData span="XL1 L1 M6 S6"/>
            </layoutData>
        </Label>
        <Input>
            <layoutData>
                <sap.ui.layout:GridData span="XL3 L3 M6 S6"/>
            </layoutData>
        </Input>
        <Label text="Customer">
            <layoutData>
                <sap.ui.layout:GridData span="XL1 L1 M6 S6"/>
            </layoutData>
        </Label>
        <Input>
            <layoutData>
                <sap.ui.layout:GridData span="XL3 L3 M6 S6"/>
            </layoutData>
        </Input>
        <Label text="Approval Status">
            <layoutData>
                <sap.ui.layout:GridData span="XL1 L1 M6 S6"/>
            </layoutData>
        </Label>
        <Input>
            <layoutData>
                <sap.ui.layout:GridData span="XL3 L3 M6 S6"/>
            </layoutData>
        </Input>
        <HBox>
            <layoutData>
                <sap.ui.layout:GridData span="XL4 L4 M12 S12"/>
            </layoutData>
        </HBox>


        <Label text="Contact Person">
            <layoutData>
                <sap.ui.layout:GridData span="XL1 L1 M6 S6"/>
            </layoutData>
        </Label>
        <Input>
            <layoutData>
                <sap.ui.layout:GridData span="XL3 L3 M6 S6"/>
            </layoutData>
        </Input>
        <Label text="Orde Dater">
            <layoutData>
                <sap.ui.layout:GridData span="XL1 L1 M6 S6"/>
            </layoutData>
        </Label>
        <Input>
            <layoutData>
                <sap.ui.layout:GridData span="XL3 L3 M6 S6"/>
            </layoutData>
        </Input>
    </sap.ui.layout:content>
</sap.ui.layout:Grid>

</core:FragmentDefinition>