{
    "empStr": {
        "empId": 634,
        "empName": "Carlisle",
        "Salary": 450000,
        "Currency": "USD",
        "pranks": "true"
    },

    "empTab": [
        {
            "empId": 101,
            "empName": "jane",
            "Salary": 250000,
            "Currency": "USD"
        },
        {
            "empId": 102,
            "empName": "jack",
            "Salary": 125000,
            "Currency": "USD"
        },
        {
            "empId": 103,
            "empName": "jerry",
            "Salary": 300000,
            "Currency": "DIN"
        },
        {
            "empId": 104,
            "empName": "Robert",
            "Salary": 3750000,
            "Currency": "INR"
        },
        {
            "empId": 105,
            "empName": "Paulo",
            "Salary": 300000,
            "Currency": "BRL"
        },
        {
            "empId": 106,
            "empName": "Simon",
            "Salary": 558000,
            "Currency": "EUR"
        },
        {
            "empId": 107,
            "empName": "Simon",
            "Salary": 645670,
            "Currency": "EUR"
        },
        {
            "empId": 108,
            "empName": "Syed",
            "Salary": 657000,
            "Currency": "EUR"
        },
        {
            "empId": 109,
            "empName": "Shana",
            "Salary": 856000,
            "Currency": "EUR"
        },
        {
            "empId": 1010,
            "empName": "Silvia",
            "Salary": 587000,
            "Currency": "EUR"
        },
        {
            "empId": 1011,
            "empName": "Sashaa",
            "Salary": 9674000,
            "Currency": "EUR"
        },
        {
            "empId": 1012,
            "empName": "Simon",
            "Salary": 558000,
            "Currency": "EUR"
        }

    ]
}