{
    "empStr": {
        "empId": 634,
        "empName": "Carlisle",
        "Salary": 450000,
        "Currency": "USD",
        "pranks": "true"
    },

    "empTab": [
        {
            "empId": 101,
            "empName": "jane",
            "Salary": 250000,
            "Currency": "USD",
            "smoker": false,
            "gender": "https://cdn-icons-png.flaticon.com/512/6833/6833591.png",
            "mStat": "M",
            "rating": 5,
            "jDate": 20240528

        },
        {
            "empId": 102,
            "empName": "jack",
            "Salary": 125000,
            "Currency": "USD",
            "smoker": true,
            "gender": "https://cdn.iconscout.com/icon/free/png-256/free-avatar-370-456322.png?f=webp",
            "mStat": "S",
            "rating": 4,
            "jDate": 20240528            
        },
        {
            "empId": 103,
            "empName": "jerry",
            "Salary": 300000,
            "Currency": "DIN",
            "smoker": false,
            "gender": "https://cdn.iconscout.com/icon/free/png-256/free-avatar-370-456322.png?f=webp",
            "mStat": "M",
            "rating": 4,
            "jDate": 20240528 
        },
        {
            "empId": 104,
            "empName": "Robert",
            "Salary": 3750000,
            "Currency": "INR",
            "smoker": true,
            "gender": "https://cdn.iconscout.com/icon/free/png-256/free-avatar-370-456322.png?f=webp",
            "mStat": "S",
            "rating": 2,
            "jDate": 20240528 
        },
        {
            "empId": 105,
            "empName": "Paulo",
            "Salary": 300000,
            "Currency": "BRL",
            "smoker": true,
            "gender": "https://cdn.iconscout.com/icon/free/png-256/free-avatar-370-456322.png?f=webp",
            "mStat": "M",
            "rating": 5,
            "jDate": 20240528 
        },
        {
            "empId": 106,
            "empName": "Simon",
            "Salary": 558000,
            "Currency": "EUR",
            "smoker": false,
            "gender": "https://cdn.iconscout.com/icon/free/png-256/free-avatar-370-456322.png?f=webp",
            "mStat": "M",
            "rating": 3,
            "jDate": 20240528 
        },
        {
            "empId": 107,
            "empName": "Sigmund",
            "Salary": 645670,
            "Currency": "EUR",
            "smoker": false,
            "gender": "https://cdn.iconscout.com/icon/free/png-256/free-avatar-370-456322.png?f=webp",
            "mStat": "M",
            "rating": 3,
            "jDate": 20240528             
        },
        {
            "empId": 108,
            "empName": "Syed",
            "Salary": 657000,
            "Currency": "EUR",
            "smoker": false,
            "gender": "https://cdn.iconscout.com/icon/free/png-256/free-avatar-370-456322.png?f=webp",
            "mStat": "M",
            "rating": 3,
            "jDate": 20240528             
        },
        {
            "empId": 109,
            "empName": "Shana",
            "Salary": 856000,
            "Currency": "EUR",
            "smoker": false,
            "gender": "https://cdn-icons-png.flaticon.com/512/6833/6833591.png",
            "mStat": "S",
            "rating": 4,
            "jDate": 20240528             

        },
        {
            "empId": 1010,
            "empName": "Silvia",
            "Salary": 587000,
            "Currency": "EUR",
            "smoker": false,
            "gender": "https://cdn-icons-png.flaticon.com/512/6833/6833591.png",
            "mStat": "M",
            "rating": 3,
            "jDate": 20240528            
        },
        {
            "empId": 1011,
            "empName": "Sashaa",
            "Salary": 9674000,
            "Currency": "EUR",
            "smoker": false,
            "gender": "https://cdn-icons-png.flaticon.com/512/6833/6833591.png",
            "mStat": "M",
            "rating": 4,
            "jDate": 20240528            
        },
        {
            "empId": 1012,
            "empName": "Simon",
            "Salary": 558000,
            "Currency": "EUR",
            "smoker": true,
            "gender": "https://cdn.iconscout.com/icon/free/png-256/free-avatar-370-456322.png?f=webp",
            "mStat": "S",
            "rating": 5,
            "jDate": 20240528            
        }

    ]
}