 <!-- xmlns:mvc="sap.ui.core.mvc" -->
<core:FragmentDefinition xmlns:core="sap.ui.core" xmlns="sap.m">
<!--ntt.hr.payroll.fragments.supplier-->
    <Table items="{/supplier}">                      
        <headerToolbar>
            <Toolbar >
                <ToolbarSpacer ></ToolbarSpacer>
                    <Button icon='sap-icon://filter' press="onFilter" />
            </Toolbar>
        </headerToolbar>
        <columns> 
            <Column >
                <header>
                    <Text text="Name"/>
                </header>
            </Column>
            <Column >
                <header>
                    <Text text="City"/>
                </header>
            </Column>
            <Column minScreenWidth="Tablet" demandPopin="true">
                <header>
                    <Text text="Since When"/>
                </header>
            </Column>
            <Column minScreenWidth="Tablet">
                <header>
                    <Text text="Contact Person"/>
                </header>
            </Column>                                                                                                
        </columns>
        <items>
            <ColumnListItem >
                <Text text="{name}"/>
                <Input value="{city}" showValueHelp="true" valueHelpRequest="onF4help"/>
                <Text text="{sinceWhen}"/>
                <Link text="{person}" press="onLinkPress"></Link>
            </ColumnListItem>
        </items>
    </Table>
</core:FragmentDefinition>