{"empStr": {
    "empId": 784,
    "empName": "Baratheon",
    "Salary": 9876540,
    "Currency": "EUR",
    "pranks": "true"
},
"empTab" :
[
{"empId":"9000","empName":"Aliah","Salary":"$324599.56","Currency":"RUB"},
{"empId":"9001","empName":"Cerci","Salary":"$274664.83","Currency":"NGN"},
{"empId":"9002","empName":"Jon snow","Salary":"$414755.22","Currency":"IDR"},
{"empId":"9003","empName":"Tyrion","Salary":"$270522.59","Currency":"PHP"},
{"empId":"9004","empName":"Danerys","Salary":"$283686.34","Currency":"CLP"},
{"empId":"9005","empName":"Khal Drogo","Salary":"$253814.35","Currency":"IDR"},
{"empId":"9006","empName":"Robert","Salary":"$404595.24","Currency":"EUR"},
{"empId":"9007","empName":"Sansa Stark","Salary":"$310152.89","Currency":"CNY"},
{"empId":"9008","empName":"Ned Stark","Salary":"$550152.89","Currency":"CNY"},
{"empId":"519706836","empName":"Michele","Salary":"$324599.56","Currency":"RUB"},
{"empId":"325658185","empName":"Cleavland","Salary":"$274664.83","Currency":"NGN"},
{"empId":"230968333","empName":"Jarret","Salary":"$414755.22","Currency":"IDR"},
{"empId":"154835086","empName":"Gaspard","Salary":"$270522.59","Currency":"PHP"},
{"empId":"823228627","empName":"Courtney","Salary":"$283686.34","Currency":"CLP"},
{"empId":"616458949","empName":"Annabela","Salary":"$253814.35","Currency":"IDR"},
{"empId":"653923138","empName":"Leonore","Salary":"$404595.24","Currency":"EUR"},
{"empId":"896014245","empName":"Rosalynd","Salary":"$310152.89","Currency":"CNY"},
{"empId":"146576035","empName":"Korry","Salary":"$266430.05","Currency":"CNY"},
{"empId":"098343328","empName":"Hayden","Salary":"$293388.27","Currency":"CNY"},
{"empId":"118402038","empName":"Rolph","Salary":"$365031.02","Currency":"IDR"},
{"empId":"550545753","empName":"Daloris","Salary":"$286292.66","Currency":"RUB"},
{"empId":"300458401","empName":"Ulrike","Salary":"$413208.08","Currency":"EUR"},
{"empId":"856146571","empName":"Remy","Salary":"$427041.08","Currency":"PHP"},
{"empId":"350636336","empName":"Marcos","Salary":"$392427.37","Currency":"CNY"},
{"empId":"280994696","empName":"Zeb","Salary":"$280242.49","Currency":"CNY"},
{"empId":"879258916","empName":"Clare","Salary":"$279301.21","Currency":"NPR"},
{"empId":"271798843","empName":"Ilsa","Salary":"$394925.39","Currency":"BRL"},
{"empId":"092242003","empName":"Onfre","Salary":"$338998.21","Currency":"BRL"},
{"empId":"382748743","empName":"Fedora","Salary":"$272891.99","Currency":"EUR"},
{"empId":"774818994","empName":"Courtney","Salary":"$403153.57","Currency":"PHP"},
{"empId":"624679665","empName":"Dania","Salary":"$263445.79","Currency":"TND"},
{"empId":"964720773","empName":"Liliane","Salary":"$419704.21","Currency":"PHP"},
{"empId":"287416575","empName":"Hestia","Salary":"$333709.30","Currency":"CNY"},
{"empId":"613989605","empName":"Melania","Salary":"$328303.54","Currency":"PLN"},
{"empId":"714399368","empName":"Wilt","Salary":"$265759.91","Currency":"PLN"},
{"empId":"447895504","empName":"Stanleigh","Salary":"$344753.53","Currency":"CNY"},
{"empId":"650035046","empName":"Oliver","Salary":"$275105.94","Currency":"USD"},
{"empId":"615946168","empName":"Suzanne","Salary":"$410205.01","Currency":"CNY"},
{"empId":"737769997","empName":"Janina","Salary":"$404070.47","Currency":"BRL"},
{"empId":"253070543","empName":"Hugibert","Salary":"$259684.85","Currency":"PLN"},
{"empId":"630886273","empName":"Adelle","Salary":"$290123.37","Currency":"IDR"},
{"empId":"890401173","empName":"Shane","Salary":"$283871.76","Currency":"MXN"},
{"empId":"322238878","empName":"Claudia","Salary":"$432387.01","Currency":"BRL"},
{"empId":"183504147","empName":"Twila","Salary":"$295201.01","Currency":"GBP"},
{"empId":"628469338","empName":"Malchy","Salary":"$429988.32","Currency":"UAH"},
{"empId":"219581484","empName":"Benedetto","Salary":"$449392.67","Currency":"KWD"},
{"empId":"933399596","empName":"Hallie","Salary":"$394483.50","Currency":"CNY"},
{"empId":"462111955","empName":"Rudd","Salary":"$302308.72","Currency":"CNY"},
{"empId":"186859504","empName":"Dolf","Salary":"$326181.39","Currency":"PLN"},
{"empId":"024760842","empName":"Veradis","Salary":"$367653.97","Currency":"CNY"},
{"empId":"868009378","empName":"Timothee","Salary":"$447475.66","Currency":"EUR"},
{"empId":"634281184","empName":"Marijo","Salary":"$330340.02","Currency":"CNY"},
{"empId":"370768953","empName":"Cassie","Salary":"$337557.66","Currency":"PHP"},
{"empId":"220066164","empName":"Quinn","Salary":"$252356.21","Currency":"JPY"},
{"empId":"822114837","empName":"Ashlen","Salary":"$360308.28","Currency":"NGN"},
{"empId":"376311762","empName":"Anthiathia","Salary":"$419490.28","Currency":"EUR"},
{"empId":"580905781","empName":"Shannen","Salary":"$341633.48","Currency":"TND"},
{"empId":"905338871","empName":"Velvet","Salary":"$261607.78","Currency":"EUR"},
{"empId":"403791874","empName":"Carolus","Salary":"$338743.26","Currency":"IDR"},
{"empId":"542208673","empName":"Pavlov","Salary":"$386376.40","Currency":"IDR"},
{"empId":"097236589","empName":"Caleb","Salary":"$432117.07","Currency":"PHP"},
{"empId":"634858476","empName":"Ulysses","Salary":"$430730.67","Currency":"CNY"},
{"empId":"018139742","empName":"Marchall","Salary":"$354699.35","Currency":"NGN"},
{"empId":"956022054","empName":"Spence","Salary":"$402583.00","Currency":"PHP"},
{"empId":"605796302","empName":"Link","Salary":"$383044.94","Currency":"SEK"},
{"empId":"016218423","empName":"Thane","Salary":"$369482.55","Currency":"BAM"},
{"empId":"829737324","empName":"Bogart","Salary":"$270126.59","Currency":"IDR"},
{"empId":"496205548","empName":"Leonardo","Salary":"$290627.10","Currency":"AZN"},
{"empId":"425889614","empName":"Daisey","Salary":"$251693.58","Currency":"NGN"},
{"empId":"462767000","empName":"Jarrod","Salary":"$297721.61","Currency":"THB"},
{"empId":"801628238","empName":"Olva","Salary":"$422665.39","Currency":"CNY"},
{"empId":"722714259","empName":"Filbert","Salary":"$255216.96","Currency":"KZT"},
{"empId":"900213083","empName":"Noah","Salary":"$254848.87","Currency":"USD"},
{"empId":"940620429","empName":"Hubie","Salary":"$445651.50","Currency":"CNY"},
{"empId":"207457396","empName":"Hadria","Salary":"$443366.77","Currency":"SEK"},
{"empId":"754897465","empName":"Evyn","Salary":"$441881.24","Currency":"EUR"},
{"empId":"880047075","empName":"Merrilee","Salary":"$384232.01","Currency":"CNY"},
{"empId":"137058389","empName":"Darleen","Salary":"$413151.41","Currency":"CZK"},
{"empId":"755391906","empName":"Lorenza","Salary":"$377442.84","Currency":"LRD"},
{"empId":"969820187","empName":"Erwin","Salary":"$356464.22","Currency":"UYU"},
{"empId":"262911088","empName":"Daveta","Salary":"$373920.82","Currency":"LYD"},
{"empId":"727413202","empName":"Blithe","Salary":"$279854.08","Currency":"CDF"},
{"empId":"880819935","empName":"Neal","Salary":"$360175.22","Currency":"UGX"},
{"empId":"884589838","empName":"Stearne","Salary":"$369095.08","Currency":"CZK"},
{"empId":"797147229","empName":"Raychel","Salary":"$327501.87","Currency":"IDR"},
{"empId":"178363983","empName":"Darin","Salary":"$308592.89","Currency":"MUR"},
{"empId":"225350706","empName":"Tim","Salary":"$258520.01","Currency":"EUR"},
{"empId":"364339103","empName":"Beaufort","Salary":"$376987.97","Currency":"EUR"},
{"empId":"115488927","empName":"Pinchas","Salary":"$287161.31","Currency":"EUR"},
{"empId":"471153619","empName":"Carine","Salary":"$427351.89","Currency":"EUR"},
{"empId":"255682667","empName":"Ludwig","Salary":"$357973.98","Currency":"CNY"},
{"empId":"653414324","empName":"Frayda","Salary":"$365007.33","Currency":"EUR"},
{"empId":"787830656","empName":"Aurlie","Salary":"$317458.62","Currency":"IDR"},
{"empId":"805578894","empName":"Rurik","Salary":"$279441.41","Currency":"LTL"},
{"empId":"086269979","empName":"Cloris","Salary":"$263452.91","Currency":"PLN"},
{"empId":"869597968","empName":"Jemima","Salary":"$440937.79","Currency":"USD"},
{"empId":"663254861","empName":"Jolynn","Salary":"$418095.24","Currency":"CNY"},
{"empId":"907680619","empName":"Boy","Salary":"$264154.02","Currency":"USD"},
{"empId":"528515445","empName":"Aliza","Salary":"$406003.87","Currency":"CNY"},
{"empId":"100888021","empName":"Brigitta","Salary":"$350474.20","Currency":"NZD"},
{"empId":"796460101","empName":"Violetta","Salary":"$250155.30","Currency":"NGN"},
{"empId":"934834750","empName":"Todd","Salary":"$299594.49","Currency":"MXN"},
{"empId":"318333500","empName":"Erwin","Salary":"$355726.49","Currency":"CNY"},
{"empId":"750004946","empName":"Rolph","Salary":"$276432.57","Currency":"GTQ"},
{"empId":"964247345","empName":"Tanya","Salary":"$272958.43","Currency":"IDR"},
{"empId":"458070101","empName":"Bryon","Salary":"$265145.85","Currency":"IDR"},
{"empId":"833761290","empName":"Devin","Salary":"$449168.12","Currency":"EUR"},
{"empId":"329599672","empName":"Allister","Salary":"$440552.44","Currency":"RUB"},
{"empId":"963266249","empName":"Linda","Salary":"$435803.87","Currency":"PHP"},
{"empId":"581831698","empName":"Fernandina","Salary":"$351021.52","Currency":"EUR"},
{"empId":"747050192","empName":"Charil","Salary":"$335848.62","Currency":"CNY"},
{"empId":"242938536","empName":"Jenilee","Salary":"$321514.49","Currency":"PKR"},
{"empId":"169205879","empName":"Kenn","Salary":"$341055.48","Currency":"PLN"},
{"empId":"069809468","empName":"Faulkner","Salary":"$445822.26","Currency":"IDR"},
{"empId":"360736999","empName":"Manon","Salary":"$250529.53","Currency":"AOA"},
{"empId":"067055281","empName":"Zola","Salary":"$330248.51","Currency":"PAB"},
{"empId":"502396493","empName":"Stanwood","Salary":"$400919.88","Currency":"IDR"},
{"empId":"191419377","empName":"Dorena","Salary":"$265116.27","Currency":"RUB"},
{"empId":"430904936","empName":"Lannie","Salary":"$424739.73","Currency":"MKD"},
{"empId":"991814942","empName":"Zoe","Salary":"$379312.89","Currency":"HNL"},
{"empId":"194237884","empName":"Happy","Salary":"$338531.71","Currency":"MNT"},
{"empId":"161187523","empName":"Charlotta","Salary":"$318807.08","Currency":"CNY"},
{"empId":"677086019","empName":"Jessie","Salary":"$322835.99","Currency":"IDR"},
{"empId":"217902806","empName":"Sidonnie","Salary":"$296370.67","Currency":"CNY"},
{"empId":"404362372","empName":"Margaretha","Salary":"$260232.43","Currency":"SEK"},
{"empId":"922808734","empName":"Kennan","Salary":"$374168.75","Currency":"EUR"},
{"empId":"448328377","empName":"Tobin","Salary":"$347542.37","Currency":"CNY"},
{"empId":"378833329","empName":"Myriam","Salary":"$390760.49","Currency":"PEN"},
{"empId":"097246668","empName":"Elwyn","Salary":"$338562.24","Currency":"CNY"},
{"empId":"636829457","empName":"Viviana","Salary":"$263436.31","Currency":"IDR"},
{"empId":"201470567","empName":"Hermine","Salary":"$430258.15","Currency":"IDR"},
{"empId":"728744363","empName":"Wolfie","Salary":"$309297.48","Currency":"EUR"},
{"empId":"177754032","empName":"Barde","Salary":"$296252.12","Currency":"CNY"},
{"empId":"597759411","empName":"Darsey","Salary":"$250243.67","Currency":"CNY"},
{"empId":"242402429","empName":"Evita","Salary":"$365120.06","Currency":"PHP"},
{"empId":"256306834","empName":"Dyanne","Salary":"$332020.10","Currency":"IDR"},
{"empId":"992791938","empName":"Chrotoem","Salary":"$444232.45","Currency":"CNY"},
{"empId":"473535304","empName":"Clyde","Salary":"$404949.96","Currency":"THB"},
{"empId":"463295368","empName":"Ximenes","Salary":"$264374.74","Currency":"CNY"},
{"empId":"126747510","empName":"Louisette","Salary":"$250120.40","Currency":"CNY"},
{"empId":"583947919","empName":"Jojo","Salary":"$440612.18","Currency":"IDR"},
{"empId":"696569350","empName":"Teodoro","Salary":"$284594.78","Currency":"BRL"},
{"empId":"790334074","empName":"Yetta","Salary":"$360116.51","Currency":"AMD"},
{"empId":"449786222","empName":"Kevin","Salary":"$372385.99","Currency":"CNY"},
{"empId":"103656243","empName":"Minda","Salary":"$277990.44","Currency":"CNY"},
{"empId":"546127513","empName":"Shaina","Salary":"$385123.93","Currency":"PLN"},
{"empId":"843938266","empName":"Quintus","Salary":"$292495.67","Currency":"PHP"},
{"empId":"338936735","empName":"Felix","Salary":"$325774.97","Currency":"CNY"},
{"empId":"183280819","empName":"Maximo","Salary":"$253422.05","Currency":"IDR"},
{"empId":"882929308","empName":"Pinchas","Salary":"$308914.42","Currency":"BRL"},
{"empId":"919922916","empName":"Bruis","Salary":"$339134.46","Currency":"PAB"},
{"empId":"553726717","empName":"Alyda","Salary":"$309250.83","Currency":"MKD"},
{"empId":"510081632","empName":"Selinda","Salary":"$315002.80","Currency":"UAH"},
{"empId":"245977783","empName":"Giacobo","Salary":"$388133.63","Currency":"CRC"},
{"empId":"672965894","empName":"Emmet","Salary":"$284778.36","Currency":"RUB"},
{"empId":"902602510","empName":"Johnette","Salary":"$343831.28","Currency":"RUB"},
{"empId":"356182700","empName":"Colman","Salary":"$308572.89","Currency":"CNY"},
{"empId":"912051409","empName":"Beverlee","Salary":"$300566.01","Currency":"BDT"},
{"empId":"039985249","empName":"Twila","Salary":"$373293.15","Currency":"BRL"},
{"empId":"944050249","empName":"Silvana","Salary":"$425173.79","Currency":"EUR"},
{"empId":"932234058","empName":"Cammy","Salary":"$322209.39","Currency":"COP"},
{"empId":"224786737","empName":"Keary","Salary":"$360334.37","Currency":"BGN"},
{"empId":"037423024","empName":"Sauncho","Salary":"$266206.08","Currency":"PLN"},
{"empId":"038622922","empName":"Ainsley","Salary":"$286356.30","Currency":"IQD"},
{"empId":"651833888","empName":"Con","Salary":"$392451.93","Currency":"RUB"},
{"empId":"726887222","empName":"Stephani","Salary":"$274235.45","Currency":"BRL"},
{"empId":"710399243","empName":"Sim","Salary":"$251395.83","Currency":"VEF"},
{"empId":"619139876","empName":"Melodie","Salary":"$369909.86","Currency":"UAH"},
{"empId":"780533004","empName":"Ezechiel","Salary":"$315744.73","Currency":"EUR"},
{"empId":"810189452","empName":"Aarika","Salary":"$369685.21","Currency":"ARS"},
{"empId":"515802714","empName":"Zorina","Salary":"$297762.09","Currency":"IDR"},
{"empId":"633833635","empName":"Sterling","Salary":"$289574.83","Currency":"EUR"},
{"empId":"127343935","empName":"Marilee","Salary":"$252120.97","Currency":"HTG"},
{"empId":"387719613","empName":"Amory","Salary":"$404597.33","Currency":"IDR"},
{"empId":"064032649","empName":"Tripp","Salary":"$364263.30","Currency":"USD"},
{"empId":"744430774","empName":"Hayes","Salary":"$441819.28","Currency":"RUB"},
{"empId":"791443839","empName":"Sayers","Salary":"$317740.91","Currency":"CNY"},
{"empId":"009337010","empName":"Goldie","Salary":"$409756.60","Currency":"CNY"},
{"empId":"530657908","empName":"Northrup","Salary":"$389851.30","Currency":"HRK"},
{"empId":"909186131","empName":"Pierson","Salary":"$409756.88","Currency":"EUR"},
{"empId":"786283609","empName":"Charlotta","Salary":"$435050.27","Currency":"CNY"},
{"empId":"824171662","empName":"Matteo","Salary":"$347469.48","Currency":"BRL"},
{"empId":"953832542","empName":"Luca","Salary":"$388879.51","Currency":"IRR"},
{"empId":"649296704","empName":"Ruby","Salary":"$392506.48","Currency":"EUR"},
{"empId":"033892454","empName":"Donn","Salary":"$259345.65","Currency":"PHP"},
{"empId":"775953053","empName":"Devonne","Salary":"$394866.15","Currency":"IDR"},
{"empId":"230046139","empName":"Jon","Salary":"$338539.19","Currency":"RUB"},
{"empId":"734171841","empName":"Walton","Salary":"$330971.65","Currency":"IDR"},
{"empId":"447246103","empName":"Teresa","Salary":"$346053.12","Currency":"CNY"},
{"empId":"148434951","empName":"Asher","Salary":"$276421.49","Currency":"JPY"},
{"empId":"513103817","empName":"Benni","Salary":"$422445.94","Currency":"NGN"},
{"empId":"105992281","empName":"Mellicent","Salary":"$352851.23","Currency":"ANG"},
{"empId":"019063874","empName":"Andrea","Salary":"$425496.35","Currency":"CZK"},
{"empId":"256556927","empName":"Mildred","Salary":"$374681.53","Currency":"CNY"},
{"empId":"392764056","empName":"Aaron","Salary":"$326406.03","Currency":"EUR"},
{"empId":"655222616","empName":"Timmie","Salary":"$416282.68","Currency":"IDR"},
{"empId":"505235759","empName":"Brooke","Salary":"$438636.40","Currency":"CNY"},
{"empId":"309152067","empName":"Sibelle","Salary":"$260018.86","Currency":"IDR"},
{"empId":"111217870","empName":"Glynis","Salary":"$396358.50","Currency":"RUB"},
{"empId":"610738576","empName":"Hester","Salary":"$354602.68","Currency":"PHP"},
{"empId":"373250950","empName":"Ferrel","Salary":"$333720.21","Currency":"EUR"},
{"empId":"502401237","empName":"Katharine","Salary":"$305230.10","Currency":"PLN"},
{"empId":"506263327","empName":"Gilda","Salary":"$281620.59","Currency":"IDR"},
{"empId":"966385623","empName":"Mary","Salary":"$309732.02","Currency":"EUR"},
{"empId":"880261208","empName":"Arnuad","Salary":"$349023.02","Currency":"USD"},
{"empId":"369924536","empName":"Haskel","Salary":"$314811.59","Currency":"BRL"},
{"empId":"541164662","empName":"Lin","Salary":"$399192.70","Currency":"CAD"},
{"empId":"609895540","empName":"Westbrooke","Salary":"$369227.29","Currency":"CAD"},
{"empId":"257678739","empName":"Andi","Salary":"$443784.53","Currency":"COP"},
{"empId":"317753895","empName":"Ketty","Salary":"$433169.63","Currency":"BRL"},
{"empId":"550593306","empName":"Rice","Salary":"$414616.92","Currency":"PLN"},
{"empId":"694891733","empName":"Shurlock","Salary":"$369046.31","Currency":"IDR"},
{"empId":"102665484","empName":"Erinn","Salary":"$290326.13","Currency":"PEN"},
{"empId":"024616016","empName":"Carmelle","Salary":"$250252.94","Currency":"JMD"},
{"empId":"619972240","empName":"Hilda","Salary":"$281921.48","Currency":"XOF"},
{"empId":"124677416","empName":"Tilly","Salary":"$403037.21","Currency":"CNY"},
{"empId":"871442776","empName":"Lion","Salary":"$370370.44","Currency":"EUR"},
{"empId":"019619364","empName":"Cullie","Salary":"$297288.11","Currency":"CNY"},
{"empId":"101848698","empName":"Chevalier","Salary":"$342031.12","Currency":"UGX"},
{"empId":"457621296","empName":"Aurelia","Salary":"$371886.63","Currency":"CNY"},
{"empId":"347047434","empName":"Shirley","Salary":"$442563.83","Currency":"XOF"},
{"empId":"426234054","empName":"Anabel","Salary":"$339851.32","Currency":"BDT"},
{"empId":"639185810","empName":"Addison","Salary":"$302650.28","Currency":"JPY"},
{"empId":"749167183","empName":"Lilith","Salary":"$370530.02","Currency":"BGN"},
{"empId":"775540892","empName":"Saundra","Salary":"$429011.45","Currency":"CNY"},
{"empId":"086298645","empName":"Malina","Salary":"$400761.33","Currency":"IDR"},
{"empId":"378722981","empName":"Glennie","Salary":"$375830.98","Currency":"CNY"},
{"empId":"027803779","empName":"Phebe","Salary":"$313941.38","Currency":"IDR"},
{"empId":"543101238","empName":"Daisie","Salary":"$339197.79","Currency":"COP"},
{"empId":"321122288","empName":"Sibelle","Salary":"$323825.91","Currency":"CNY"},
{"empId":"678708384","empName":"Toni","Salary":"$375876.58","Currency":"CNY"},
{"empId":"632919984","empName":"Codee","Salary":"$362822.02","Currency":"IDR"},
{"empId":"012450439","empName":"Renard","Salary":"$304731.11","Currency":"USD"},
{"empId":"215564303","empName":"Yetta","Salary":"$334217.84","Currency":"GTQ"},
{"empId":"975431846","empName":"Shirline","Salary":"$295631.17","Currency":"CNY"},
{"empId":"584829874","empName":"Yehudi","Salary":"$288499.95","Currency":"CNY"},
{"empId":"617028568","empName":"Lefty","Salary":"$436480.50","Currency":"YER"},
{"empId":"245118754","empName":"Northrop","Salary":"$274815.87","Currency":"BRL"},
{"empId":"549417032","empName":"Jemmy","Salary":"$407902.07","Currency":"BYR"},
{"empId":"668753622","empName":"Roderigo","Salary":"$311543.59","Currency":"DOP"},
{"empId":"193788854","empName":"Danielle","Salary":"$331353.10","Currency":"BOB"},
{"empId":"055175955","empName":"Marji","Salary":"$398169.46","Currency":"CNY"},
{"empId":"577190626","empName":"Evangelin","Salary":"$294896.89","Currency":"VND"},
{"empId":"880024743","empName":"Zacherie","Salary":"$285434.16","Currency":"IRR"},
{"empId":"202475118","empName":"Dyanne","Salary":"$297262.06","Currency":"RUB"},
{"empId":"274975216","empName":"Ursola","Salary":"$428429.85","Currency":"MZN"},
{"empId":"958936200","empName":"Corette","Salary":"$342102.24","Currency":"CNY"},
{"empId":"913755245","empName":"Merrill","Salary":"$329944.63","Currency":"MNT"},
{"empId":"658383762","empName":"Filippo","Salary":"$426618.10","Currency":"THB"},
{"empId":"093912631","empName":"Malinde","Salary":"$276897.24","Currency":"PHP"},
{"empId":"793090937","empName":"Ashil","Salary":"$262729.96","Currency":"THB"},
{"empId":"794793453","empName":"Purcell","Salary":"$390116.32","Currency":"LKR"},
{"empId":"524051560","empName":"Jessi","Salary":"$365458.51","Currency":"SEK"},
{"empId":"775320101","empName":"Gale","Salary":"$363516.19","Currency":"IDR"},
{"empId":"899439314","empName":"Loree","Salary":"$300387.47","Currency":"PHP"},
{"empId":"122232276","empName":"Wini","Salary":"$361367.39","Currency":"RUB"},
{"empId":"502370879","empName":"Erv","Salary":"$339218.53","Currency":"USD"},
{"empId":"467668268","empName":"Cesare","Salary":"$412735.11","Currency":"UAH"},
{"empId":"824974330","empName":"Chance","Salary":"$325457.70","Currency":"BRL"},
{"empId":"021834263","empName":"Jarid","Salary":"$311164.91","Currency":"UAH"},
{"empId":"530023370","empName":"Carolyn","Salary":"$360642.79","Currency":"UAH"},
{"empId":"621397161","empName":"Dillie","Salary":"$317612.07","Currency":"RUB"},
{"empId":"421325554","empName":"Ross","Salary":"$424595.36","Currency":"EUR"},
{"empId":"933249738","empName":"Vance","Salary":"$414788.41","Currency":"XAF"},
{"empId":"207620790","empName":"Yehudit","Salary":"$251541.69","Currency":"EUR"},
{"empId":"901408511","empName":"Gherardo","Salary":"$389636.84","Currency":"SEK"},
{"empId":"139167070","empName":"Granny","Salary":"$361153.08","Currency":"IDR"},
{"empId":"905459309","empName":"Marjorie","Salary":"$441203.84","Currency":"IDR"},
{"empId":"779598676","empName":"Abbey","Salary":"$407547.96","Currency":"BRL"},
{"empId":"191933408","empName":"Rafferty","Salary":"$445336.78","Currency":"SEK"},
{"empId":"001218284","empName":"Gearalt","Salary":"$278845.58","Currency":"SEK"},
{"empId":"654827628","empName":"Meghann","Salary":"$250668.52","Currency":"CNY"},
{"empId":"664760193","empName":"Jazmin","Salary":"$255328.21","Currency":"NPR"},
{"empId":"210500943","empName":"Hildegaard","Salary":"$413032.80","Currency":"UAH"},
{"empId":"733017315","empName":"Kirk","Salary":"$412624.04","Currency":"BRL"},
{"empId":"367074375","empName":"Ambros","Salary":"$324499.04","Currency":"EUR"},
{"empId":"750751267","empName":"Chryste","Salary":"$274518.52","Currency":"CNY"},
{"empId":"040763788","empName":"Easter","Salary":"$284632.00","Currency":"GHS"},
{"empId":"813512964","empName":"Franny","Salary":"$372814.84","Currency":"IDR"},
{"empId":"730289379","empName":"Eulalie","Salary":"$340000.47","Currency":"XOF"},
{"empId":"130028205","empName":"Petronia","Salary":"$347856.18","Currency":"CNY"},
{"empId":"447295921","empName":"Cory","Salary":"$303284.78","Currency":"IDR"},
{"empId":"712381564","empName":"Karrie","Salary":"$253853.18","Currency":"IDR"},
{"empId":"387076893","empName":"Northrup","Salary":"$388604.48","Currency":"AMD"},
{"empId":"654580712","empName":"Stevena","Salary":"$340451.46","Currency":"CZK"},
{"empId":"038536145","empName":"Jehanna","Salary":"$283021.34","Currency":"PHP"},
{"empId":"730482629","empName":"Leyla","Salary":"$278461.85","Currency":"AMD"},
{"empId":"624208712","empName":"Clayborn","Salary":"$400361.49","Currency":"EUR"},
{"empId":"973802233","empName":"Gottfried","Salary":"$290606.57","Currency":"IDR"},
{"empId":"513775923","empName":"Parnell","Salary":"$311801.55","Currency":"THB"},
{"empId":"913738970","empName":"Sheilakathryn","Salary":"$442319.02","Currency":"CNY"},
{"empId":"454039102","empName":"Elonore","Salary":"$408777.96","Currency":"ETB"},
{"empId":"104579380","empName":"Gates","Salary":"$268619.59","Currency":"HRK"},
{"empId":"752527239","empName":"Ange","Salary":"$301689.83","Currency":"PHP"},
{"empId":"845959606","empName":"Emylee","Salary":"$441319.24","Currency":"CNY"},
{"empId":"443400203","empName":"Janeczka","Salary":"$389461.68","Currency":"BRL"},
{"empId":"476126012","empName":"Esme","Salary":"$409968.46","Currency":"JPY"},
{"empId":"111575518","empName":"Michale","Salary":"$446640.70","Currency":"UAH"},
{"empId":"981255707","empName":"Rebeka","Salary":"$406965.22","Currency":"CNY"},
{"empId":"836093496","empName":"Jerad","Salary":"$276393.25","Currency":"CNY"},
{"empId":"574118732","empName":"Jule","Salary":"$289888.62","Currency":"BAM"},
{"empId":"710880497","empName":"Torre","Salary":"$263903.11","Currency":"ARS"},
{"empId":"694752714","empName":"Nathalia","Salary":"$432337.08","Currency":"OMR"},
{"empId":"445982963","empName":"Ilse","Salary":"$420047.54","Currency":"ALL"},
{"empId":"884798968","empName":"Chet","Salary":"$349899.67","Currency":"MXN"},
{"empId":"502264761","empName":"Terrel","Salary":"$402818.21","Currency":"BRL"},
{"empId":"564143199","empName":"Ruth","Salary":"$363099.18","Currency":"UYU"},
{"empId":"832442470","empName":"Randal","Salary":"$363811.75","Currency":"USD"},
{"empId":"026725343","empName":"Jo","Salary":"$337482.41","Currency":"PHP"},
{"empId":"402510181","empName":"Meghann","Salary":"$288522.21","Currency":"NOK"},
{"empId":"596853633","empName":"Shirlene","Salary":"$343532.31","Currency":"MAD"},
{"empId":"655688535","empName":"Drusilla","Salary":"$375788.76","Currency":"COP"},
{"empId":"117049890","empName":"Beilul","Salary":"$351181.35","Currency":"EUR"},
{"empId":"664770797","empName":"Roslyn","Salary":"$317665.63","Currency":"UZS"},
{"empId":"568260319","empName":"Deloris","Salary":"$308717.30","Currency":"PEN"},
{"empId":"118771908","empName":"Salvidor","Salary":"$398598.02","Currency":"CAD"},
{"empId":"661823788","empName":"April","Salary":"$435918.85","Currency":"EUR"},
{"empId":"509924506","empName":"Tull","Salary":"$408591.96","Currency":"XOF"},
{"empId":"960423732","empName":"Jeno","Salary":"$398675.45","Currency":"CNY"},
{"empId":"506525668","empName":"Vita","Salary":"$258738.72","Currency":"BRL"},
{"empId":"747824214","empName":"Jone","Salary":"$433089.56","Currency":"ALL"},
{"empId":"908563728","empName":"Kathrine","Salary":"$348849.81","Currency":"CAD"},
{"empId":"601941171","empName":"Yolanda","Salary":"$323517.01","Currency":"UAH"},
{"empId":"186386645","empName":"Niels","Salary":"$306619.55","Currency":"IDR"},
{"empId":"107271027","empName":"Al","Salary":"$440753.74","Currency":"PKR"},
{"empId":"523882134","empName":"Bamby","Salary":"$274208.76","Currency":"JPY"},
{"empId":"045991388","empName":"Zachariah","Salary":"$347715.05","Currency":"IDR"},
{"empId":"500223658","empName":"Jerrylee","Salary":"$262929.53","Currency":"CNY"},
{"empId":"756117724","empName":"Kandy","Salary":"$282726.52","Currency":"IDR"},
{"empId":"063394615","empName":"Kristo","Salary":"$283750.86","Currency":"XOF"},
{"empId":"743397172","empName":"Pearline","Salary":"$400885.82","Currency":"PHP"},
{"empId":"641273060","empName":"Ricki","Salary":"$255911.01","Currency":"PLN"},
{"empId":"225132147","empName":"Kirsteni","Salary":"$266516.78","Currency":"CNY"},
{"empId":"107680991","empName":"Corny","Salary":"$414639.87","Currency":"BRL"},
{"empId":"355810711","empName":"Mimi","Salary":"$255795.14","Currency":"RUB"},
{"empId":"286472383","empName":"Hazel","Salary":"$283126.14","Currency":"CNY"},
{"empId":"195536258","empName":"Gretchen","Salary":"$429327.63","Currency":"CNY"},
{"empId":"167615942","empName":"Deina","Salary":"$407416.83","Currency":"BRL"},
{"empId":"608573864","empName":"Edita","Salary":"$392331.91","Currency":"PLN"},
{"empId":"333228202","empName":"Lloyd","Salary":"$273105.51","Currency":"PHP"},
{"empId":"158897565","empName":"Gualterio","Salary":"$254884.38","Currency":"USD"},
{"empId":"335977094","empName":"Port","Salary":"$379882.19","Currency":"CNY"},
{"empId":"372853258","empName":"Lind","Salary":"$412164.51","Currency":"PEN"},
{"empId":"772935967","empName":"Allissa","Salary":"$411638.44","Currency":"BRL"},
{"empId":"518614519","empName":"Tova","Salary":"$333314.85","Currency":"RUB"},
{"empId":"397865461","empName":"Nyssa","Salary":"$393292.68","Currency":"PHP"},
{"empId":"183847098","empName":"Marty","Salary":"$389075.22","Currency":"TRY"},
{"empId":"087400270","empName":"Siward","Salary":"$333828.39","Currency":"RUB"},
{"empId":"400223964","empName":"Richmond","Salary":"$386425.50","Currency":"IDR"},
{"empId":"936340435","empName":"Garold","Salary":"$425992.68","Currency":"CNY"},
{"empId":"715342328","empName":"Allison","Salary":"$273986.58","Currency":"HRK"},
{"empId":"152425699","empName":"Sherri","Salary":"$381472.97","Currency":"IDR"},
{"empId":"312850710","empName":"Brok","Salary":"$263546.79","Currency":"PYG"},
{"empId":"148156896","empName":"Traver","Salary":"$310291.84","Currency":"PLN"},
{"empId":"762846182","empName":"Colver","Salary":"$358046.30","Currency":"CAD"},
{"empId":"207786523","empName":"Chickie","Salary":"$252626.54","Currency":"CNY"},
{"empId":"619761150","empName":"Flem","Salary":"$260738.42","Currency":"EUR"},
{"empId":"414275249","empName":"Rosette","Salary":"$362411.35","Currency":"XAF"},
{"empId":"923446755","empName":"Ardyce","Salary":"$250668.89","Currency":"JMD"},
{"empId":"371569521","empName":"Illa","Salary":"$418834.98","Currency":"VND"},
{"empId":"560097730","empName":"Orren","Salary":"$293894.27","Currency":"UAH"},
{"empId":"196681087","empName":"Tracey","Salary":"$398405.09","Currency":"VND"},
{"empId":"701321717","empName":"Cornelius","Salary":"$281648.62","Currency":"IDR"},
{"empId":"800696360","empName":"Sarah","Salary":"$328241.05","Currency":"ILS"},
{"empId":"486948305","empName":"Winna","Salary":"$363180.82","Currency":"IDR"},
{"empId":"620953892","empName":"Shelley","Salary":"$251210.21","Currency":"COP"},
{"empId":"534207281","empName":"Deanna","Salary":"$271425.92","Currency":"EUR"},
{"empId":"394227343","empName":"Sarah","Salary":"$345727.98","Currency":"EUR"},
{"empId":"225426569","empName":"Ferne","Salary":"$283881.39","Currency":"IDR"},
{"empId":"722050378","empName":"Alon","Salary":"$344202.28","Currency":"MXN"},
{"empId":"472426919","empName":"Loretta","Salary":"$273676.96","Currency":"RUB"},
{"empId":"668714116","empName":"Kaycee","Salary":"$253472.20","Currency":"AUD"},
{"empId":"239530735","empName":"Cleopatra","Salary":"$404945.96","Currency":"USD"},
{"empId":"824256906","empName":"Corbie","Salary":"$257388.79","Currency":"IDR"},
{"empId":"627427328","empName":"Saidee","Salary":"$355628.65","Currency":"EUR"},
{"empId":"353452847","empName":"Ethelda","Salary":"$440424.61","Currency":"USD"},
{"empId":"788371199","empName":"Stephana","Salary":"$371826.13","Currency":"CNY"},
{"empId":"563254374","empName":"Elianore","Salary":"$416746.04","Currency":"PHP"},
{"empId":"757162607","empName":"Marybelle","Salary":"$259086.67","Currency":"VND"},
{"empId":"910404888","empName":"Shelagh","Salary":"$274785.72","Currency":"IDR"},
{"empId":"552843269","empName":"Bronny","Salary":"$268229.50","Currency":"ILS"},
{"empId":"933795064","empName":"Mireielle","Salary":"$376050.83","Currency":"AZN"},
{"empId":"051721771","empName":"Kristopher","Salary":"$448838.35","Currency":"USD"},
{"empId":"401395775","empName":"Tiphani","Salary":"$390533.48","Currency":"BRL"},
{"empId":"314856222","empName":"Tad","Salary":"$423076.67","Currency":"EUR"},
{"empId":"283339531","empName":"Etan","Salary":"$405444.15","Currency":"RUB"},
{"empId":"633324401","empName":"Enrichetta","Salary":"$411069.07","Currency":"PKR"},
{"empId":"440773888","empName":"Brandy","Salary":"$313216.81","Currency":"PLN"},
{"empId":"503344694","empName":"Calli","Salary":"$376387.24","Currency":"CNY"},
{"empId":"751077007","empName":"Devonne","Salary":"$392454.89","Currency":"CNY"},
{"empId":"254308496","empName":"Joseito","Salary":"$321248.74","Currency":"MWK"},
{"empId":"835711580","empName":"Jeremiah","Salary":"$437918.36","Currency":"HNL"},
{"empId":"311133864","empName":"Wendye","Salary":"$299487.26","Currency":"BRL"},
{"empId":"098450789","empName":"Beatrisa","Salary":"$366133.25","Currency":"CAD"},
{"empId":"262996062","empName":"Coleen","Salary":"$437240.25","Currency":"RUB"},
{"empId":"179152766","empName":"Rani","Salary":"$294219.14","Currency":"PHP"},
{"empId":"092403629","empName":"Andrus","Salary":"$354070.07","Currency":"NZD"},
{"empId":"438264716","empName":"Erma","Salary":"$367176.74","Currency":"TZS"},
{"empId":"926270475","empName":"Erhart","Salary":"$442567.29","Currency":"EUR"},
{"empId":"532782201","empName":"Florence","Salary":"$402431.62","Currency":"EUR"},
{"empId":"019429977","empName":"Adaline","Salary":"$278730.40","Currency":"NOK"},
{"empId":"010217604","empName":"Kimble","Salary":"$386818.54","Currency":"EUR"},
{"empId":"561240846","empName":"Silvio","Salary":"$275440.62","Currency":"IDR"},
{"empId":"204738185","empName":"Ediva","Salary":"$397596.49","Currency":"CNY"},
{"empId":"431553687","empName":"Ax","Salary":"$286010.43","Currency":"CZK"},
{"empId":"179700956","empName":"Miguela","Salary":"$328156.49","Currency":"JPY"},
{"empId":"198002073","empName":"Gian","Salary":"$404841.33","Currency":"CNY"},
{"empId":"988506389","empName":"Alexina","Salary":"$441669.66","Currency":"UAH"},
{"empId":"985116901","empName":"Melva","Salary":"$396829.51","Currency":"IDR"},
{"empId":"472015625","empName":"Egan","Salary":"$259618.60","Currency":"USD"},
{"empId":"167037173","empName":"Boniface","Salary":"$258140.79","Currency":"CNY"},
{"empId":"610127704","empName":"Rosalind","Salary":"$404623.48","Currency":"CNY"},
{"empId":"492393358","empName":"Sawyere","Salary":"$279516.60","Currency":"CNY"},
{"empId":"707112205","empName":"Meggie","Salary":"$358872.91","Currency":"PHP"},
{"empId":"397569502","empName":"Langston","Salary":"$357674.83","Currency":"CNY"},
{"empId":"282295180","empName":"Micky","Salary":"$406559.83","Currency":"MGA"},
{"empId":"084414934","empName":"Titus","Salary":"$294463.19","Currency":"CNY"},
{"empId":"067999058","empName":"Gabbie","Salary":"$412652.19","Currency":"PYG"},
{"empId":"499250728","empName":"Gilles","Salary":"$255584.71","Currency":"NGN"},
{"empId":"161848005","empName":"Benji","Salary":"$358936.20","Currency":"KES"},
{"empId":"513102980","empName":"Elsa","Salary":"$344280.71","Currency":"TJS"},
{"empId":"596533606","empName":"Hi","Salary":"$306171.45","Currency":"EUR"},
{"empId":"959250743","empName":"Chrystal","Salary":"$383888.97","Currency":"CNY"},
{"empId":"028615582","empName":"Caye","Salary":"$281905.41","Currency":"AOA"},
{"empId":"196467862","empName":"Niccolo","Salary":"$443093.88","Currency":"IDR"},
{"empId":"007028664","empName":"Ladonna","Salary":"$419558.68","Currency":"RSD"},
{"empId":"897214344","empName":"Angus","Salary":"$339389.99","Currency":"EUR"},
{"empId":"298319504","empName":"Glynnis","Salary":"$438400.59","Currency":"IQD"},
{"empId":"209083836","empName":"Stern","Salary":"$312894.26","Currency":"RUB"},
{"empId":"653266606","empName":"Raffaello","Salary":"$333579.08","Currency":"TND"},
{"empId":"147272274","empName":"Luelle","Salary":"$301949.38","Currency":"GTQ"},
{"empId":"258159480","empName":"Lynelle","Salary":"$442312.68","Currency":"CNY"},
{"empId":"455449901","empName":"Theodosia","Salary":"$283534.06","Currency":"EUR"},
{"empId":"444662358","empName":"Jeanna","Salary":"$300640.38","Currency":"JPY"},
{"empId":"045788277","empName":"Kriste","Salary":"$448102.04","Currency":"USD"},
{"empId":"937827257","empName":"Korrie","Salary":"$425623.53","Currency":"PEN"},
{"empId":"839476574","empName":"Ross","Salary":"$449503.92","Currency":"PHP"},
{"empId":"221109883","empName":"Padraic","Salary":"$355423.08","Currency":"EUR"},
{"empId":"524084616","empName":"Jacinda","Salary":"$389911.61","Currency":"MXN"},
{"empId":"408300303","empName":"Arda","Salary":"$348609.75","Currency":"PHP"},
{"empId":"173036283","empName":"Gav","Salary":"$432480.57","Currency":"CNY"},
{"empId":"816199179","empName":"Puff","Salary":"$295710.92","Currency":"IDR"},
{"empId":"247943709","empName":"Merl","Salary":"$413828.06","Currency":"IDR"},
{"empId":"110291259","empName":"Anneliese","Salary":"$351734.75","Currency":"AMD"},
{"empId":"278544039","empName":"Delilah","Salary":"$437171.15","Currency":"THB"},
{"empId":"747421574","empName":"Vincenz","Salary":"$265056.37","Currency":"CNY"},
{"empId":"218655590","empName":"Ginnifer","Salary":"$315153.90","Currency":"PHP"},
{"empId":"093045752","empName":"Orazio","Salary":"$416894.19","Currency":"IDR"},
{"empId":"438335853","empName":"Emanuele","Salary":"$353712.18","Currency":"SEK"},
{"empId":"188227713","empName":"Tildie","Salary":"$351168.44","Currency":"CAD"},
{"empId":"051596717","empName":"Katina","Salary":"$299309.45","Currency":"CNY"},
{"empId":"848916923","empName":"Jeramie","Salary":"$364175.26","Currency":"PEN"},
{"empId":"796958099","empName":"Cosme","Salary":"$373162.20","Currency":"CZK"},
{"empId":"475098256","empName":"Alejandra","Salary":"$355512.04","Currency":"CNY"},
{"empId":"580692099","empName":"Keith","Salary":"$293347.93","Currency":"AMD"},
{"empId":"997493895","empName":"Lindie","Salary":"$401702.64","Currency":"RUB"},
{"empId":"146690434","empName":"Eleanora","Salary":"$372900.98","Currency":"IDR"},
{"empId":"560988221","empName":"Diana","Salary":"$271254.94","Currency":"RUB"},
{"empId":"216748351","empName":"Bridgette","Salary":"$358349.76","Currency":"ILS"},
{"empId":"872252289","empName":"Corey","Salary":"$388331.30","Currency":"JPY"},
{"empId":"128105475","empName":"Felipa","Salary":"$324511.61","Currency":"PEN"},
{"empId":"033749417","empName":"Bliss","Salary":"$414295.67","Currency":"JPY"},
{"empId":"121656921","empName":"Theresita","Salary":"$401729.70","Currency":"IDR"},
{"empId":"825852687","empName":"Romy","Salary":"$311144.45","Currency":"EUR"},
{"empId":"583091617","empName":"Mal","Salary":"$410770.21","Currency":"SEK"},
{"empId":"501481290","empName":"Elsinore","Salary":"$255276.92","Currency":"EUR"},
{"empId":"954859554","empName":"Caldwell","Salary":"$352543.96","Currency":"XOF"},
{"empId":"367169204","empName":"Mead","Salary":"$444705.22","Currency":"IDR"},
{"empId":"463097212","empName":"Christel","Salary":"$290623.51","Currency":"USD"},
{"empId":"509767028","empName":"Darin","Salary":"$331630.22","Currency":"CNY"},
{"empId":"670175121","empName":"Mireielle","Salary":"$313476.58","Currency":"CNY"},
{"empId":"585189326","empName":"Violette","Salary":"$412640.99","Currency":"SEK"},
{"empId":"779450220","empName":"Tersina","Salary":"$412502.97","Currency":"KZT"},
{"empId":"068559100","empName":"Axe","Salary":"$369068.78","Currency":"DKK"},
{"empId":"780925352","empName":"Nicola","Salary":"$436363.90","Currency":"BRL"},
{"empId":"117088161","empName":"Ruprecht","Salary":"$350798.64","Currency":"ZMW"},
{"empId":"439998133","empName":"Sheba","Salary":"$285061.41","Currency":"CNY"},
{"empId":"441967826","empName":"Aymer","Salary":"$305262.95","Currency":"IRR"},
{"empId":"505723106","empName":"Blythe","Salary":"$335433.44","Currency":"CNY"},
{"empId":"900427971","empName":"Alic","Salary":"$418278.91","Currency":"XOF"},
{"empId":"761740072","empName":"Mordy","Salary":"$348079.34","Currency":"IDR"},
{"empId":"627782820","empName":"Gerek","Salary":"$378209.51","Currency":"CNY"},
{"empId":"541191493","empName":"Nikkie","Salary":"$401022.45","Currency":"CNY"},
{"empId":"311637795","empName":"Darleen","Salary":"$442589.42","Currency":"EUR"},
{"empId":"149350652","empName":"Isa","Salary":"$391571.38","Currency":"CNY"},
{"empId":"938704872","empName":"Karon","Salary":"$405061.52","Currency":"HNL"},
{"empId":"033739644","empName":"Tilly","Salary":"$366035.83","Currency":"CNY"},
{"empId":"891393183","empName":"Rutherford","Salary":"$353255.04","Currency":"CZK"},
{"empId":"734500924","empName":"Israel","Salary":"$253060.96","Currency":"RUB"},
{"empId":"929620750","empName":"Celestine","Salary":"$355319.15","Currency":"IDR"},
{"empId":"874109007","empName":"Leonanie","Salary":"$395532.33","Currency":"EUR"},
{"empId":"745176937","empName":"Sheelagh","Salary":"$404766.65","Currency":"BRL"},
{"empId":"894968242","empName":"Bastien","Salary":"$289596.48","Currency":"CNY"},
{"empId":"000582541","empName":"Barbie","Salary":"$267778.96","Currency":"PHP"},
{"empId":"077936767","empName":"Porter","Salary":"$310543.75","Currency":"ILS"},
{"empId":"220728942","empName":"Aleece","Salary":"$357567.27","Currency":"GEL"},
{"empId":"108800400","empName":"Bartholomeus","Salary":"$364285.28","Currency":"UZS"},
{"empId":"281279877","empName":"Maridel","Salary":"$379137.45","Currency":"AFN"},
{"empId":"974040703","empName":"Tabina","Salary":"$364813.60","Currency":"PHP"},
{"empId":"878245127","empName":"Franky","Salary":"$380883.01","Currency":"EUR"},
{"empId":"074964204","empName":"Caryl","Salary":"$416070.58","Currency":"BRL"},
{"empId":"447609837","empName":"Artus","Salary":"$391008.52","Currency":"PHP"},
{"empId":"449430866","empName":"Nate","Salary":"$310315.54","Currency":"IDR"},
{"empId":"231014364","empName":"Lavinia","Salary":"$362971.53","Currency":"SEK"},
{"empId":"416328534","empName":"Aarika","Salary":"$260498.01","Currency":"MXN"},
{"empId":"448888487","empName":"Danielle","Salary":"$277363.38","Currency":"CNY"},
{"empId":"739092341","empName":"Brooke","Salary":"$425436.04","Currency":"MXN"},
{"empId":"550972545","empName":"Thaine","Salary":"$301669.39","Currency":"IDR"},
{"empId":"262937729","empName":"Rockie","Salary":"$392716.60","Currency":"MAD"},
{"empId":"491492679","empName":"Bernie","Salary":"$311513.21","Currency":"EUR"},
{"empId":"920749305","empName":"Bernice","Salary":"$332929.24","Currency":"YER"},
{"empId":"508869402","empName":"Pearle","Salary":"$382050.96","Currency":"ALL"},
{"empId":"410882426","empName":"Rafaello","Salary":"$323892.43","Currency":"RUB"},
{"empId":"440232427","empName":"Tabb","Salary":"$268302.37","Currency":"RUB"},
{"empId":"656096571","empName":"Randee","Salary":"$338906.30","Currency":"AFN"},
{"empId":"078359516","empName":"Querida","Salary":"$342937.96","Currency":"RUB"},
{"empId":"112208416","empName":"Ben","Salary":"$427686.63","Currency":"COP"},
{"empId":"616593389","empName":"Dulciana","Salary":"$377803.22","Currency":"RUB"},
{"empId":"259534230","empName":"Dalt","Salary":"$263929.46","Currency":"ALL"},
{"empId":"414071739","empName":"Tony","Salary":"$426221.02","Currency":"JPY"},
{"empId":"205492408","empName":"Antonina","Salary":"$445479.11","Currency":"CNY"},
{"empId":"625183895","empName":"Jamal","Salary":"$346174.91","Currency":"CNY"},
{"empId":"589206065","empName":"Shay","Salary":"$308464.15","Currency":"VND"},
{"empId":"336384577","empName":"Wileen","Salary":"$283504.77","Currency":"CNY"},
{"empId":"266282874","empName":"Fiona","Salary":"$358211.49","Currency":"LYD"},
{"empId":"493601399","empName":"Foss","Salary":"$421772.91","Currency":"ARS"},
{"empId":"950196503","empName":"Skelly","Salary":"$345811.41","Currency":"JPY"},
{"empId":"129921035","empName":"Bridget","Salary":"$307793.47","Currency":"CNY"},
{"empId":"959981201","empName":"Mollee","Salary":"$434395.83","Currency":"CNY"},
{"empId":"000561126","empName":"Mirabelle","Salary":"$412732.54","Currency":"IDR"},
{"empId":"827268934","empName":"Webster","Salary":"$292230.76","Currency":"CNY"},
{"empId":"053467321","empName":"Bastien","Salary":"$297454.95","Currency":"CHF"},
{"empId":"627070320","empName":"Fletch","Salary":"$334421.46","Currency":"CNY"},
{"empId":"759318039","empName":"Leonardo","Salary":"$425714.40","Currency":"SEK"},
{"empId":"735585982","empName":"Philippe","Salary":"$379426.23","Currency":"MOP"},
{"empId":"387902482","empName":"Rosina","Salary":"$396050.95","Currency":"RUB"},
{"empId":"620613916","empName":"Agosto","Salary":"$282626.97","Currency":"USD"},
{"empId":"247873070","empName":"Ruddy","Salary":"$375357.71","Currency":"NOK"},
{"empId":"236887864","empName":"Shelley","Salary":"$405869.18","Currency":"PLN"},
{"empId":"180238591","empName":"Brigham","Salary":"$354303.52","Currency":"CUP"},
{"empId":"449888469","empName":"Otho","Salary":"$265695.16","Currency":"IDR"},
{"empId":"271269493","empName":"Chadwick","Salary":"$271679.16","Currency":"RUB"},
{"empId":"197938101","empName":"Shaine","Salary":"$416623.47","Currency":"EUR"},
{"empId":"443442977","empName":"Clarance","Salary":"$437865.28","Currency":"EUR"},
{"empId":"224164924","empName":"Harald","Salary":"$382820.08","Currency":"NGN"},
{"empId":"237437023","empName":"Wallas","Salary":"$374481.58","Currency":"BDT"},
{"empId":"342820246","empName":"Shina","Salary":"$262080.03","Currency":"EUR"},
{"empId":"436644321","empName":"Elizabeth","Salary":"$294060.62","Currency":"SEK"},
{"empId":"837383520","empName":"Biron","Salary":"$312065.77","Currency":"CNY"},
{"empId":"859203028","empName":"Tam","Salary":"$358784.22","Currency":"CNY"},
{"empId":"578935871","empName":"Alric","Salary":"$398552.00","Currency":"BRL"},
{"empId":"080599260","empName":"Pearle","Salary":"$425460.28","Currency":"IDR"},
{"empId":"787845643","empName":"Maryanna","Salary":"$417016.50","Currency":"COP"},
{"empId":"016330380","empName":"Rozina","Salary":"$254524.76","Currency":"EUR"},
{"empId":"898901367","empName":"Anastassia","Salary":"$414351.69","Currency":"BRL"},
{"empId":"644964951","empName":"Jacynth","Salary":"$292114.78","Currency":"BRL"},
{"empId":"526894495","empName":"Viola","Salary":"$414600.82","Currency":"IDR"},
{"empId":"867392350","empName":"Archibald","Salary":"$397684.08","Currency":"IDR"},
{"empId":"154606467","empName":"Bobette","Salary":"$403796.55","Currency":"EUR"},
{"empId":"680623517","empName":"Mathias","Salary":"$263423.03","Currency":"EUR"},
{"empId":"834024904","empName":"Philippine","Salary":"$339449.62","Currency":"RSD"},
{"empId":"633117824","empName":"Malinde","Salary":"$394208.30","Currency":"PLN"},
{"empId":"331995358","empName":"Dilan","Salary":"$349888.95","Currency":"BRL"},
{"empId":"071375610","empName":"Tonye","Salary":"$405153.11","Currency":"CZK"},
{"empId":"858218884","empName":"Antonius","Salary":"$392701.11","Currency":"JPY"},
{"empId":"309280725","empName":"Heall","Salary":"$342723.48","Currency":"MYR"},
{"empId":"310797715","empName":"Husain","Salary":"$347638.49","Currency":"RUB"},
{"empId":"206373955","empName":"Amara","Salary":"$430167.09","Currency":"CNY"},
{"empId":"747759282","empName":"Minette","Salary":"$338337.62","Currency":"CAD"},
{"empId":"347509353","empName":"Mariele","Salary":"$384673.63","Currency":"CNY"},
{"empId":"690126201","empName":"Alard","Salary":"$279907.77","Currency":"IDR"},
{"empId":"402649996","empName":"Gaby","Salary":"$425594.67","Currency":"IDR"},
{"empId":"129764714","empName":"Paulo","Salary":"$355997.18","Currency":"USD"},
{"empId":"442008980","empName":"Bo","Salary":"$428999.14","Currency":"IDR"},
{"empId":"712230534","empName":"Edd","Salary":"$402203.72","Currency":"CNY"},
{"empId":"812068457","empName":"Corly","Salary":"$383314.71","Currency":"PEN"},
{"empId":"208802208","empName":"Pandora","Salary":"$435194.62","Currency":"ETB"},
{"empId":"574264573","empName":"Aubine","Salary":"$420005.80","Currency":"CNY"},
{"empId":"644838243","empName":"Anjela","Salary":"$290531.78","Currency":"CNY"},
{"empId":"897871254","empName":"Cassey","Salary":"$442325.76","Currency":"CNY"},
{"empId":"118732458","empName":"Blakelee","Salary":"$306318.46","Currency":"UAH"},
{"empId":"851066893","empName":"Tobie","Salary":"$325844.64","Currency":"THB"},
{"empId":"052688910","empName":"Leone","Salary":"$448131.30","Currency":"JPY"},
{"empId":"750457897","empName":"Codie","Salary":"$371973.94","Currency":"RUB"},
{"empId":"600277645","empName":"Kane","Salary":"$408672.25","Currency":"THB"},
{"empId":"982063803","empName":"Lowrance","Salary":"$341469.19","Currency":"RUB"},
{"empId":"159576589","empName":"Terencio","Salary":"$420231.54","Currency":"EUR"},
{"empId":"043532206","empName":"Jyoti","Salary":"$319107.76","Currency":"MDL"},
{"empId":"446207172","empName":"Chan","Salary":"$320163.32","Currency":"MUR"},
{"empId":"852837302","empName":"Simonette","Salary":"$329185.48","Currency":"RUB"},
{"empId":"068767760","empName":"Hube","Salary":"$317780.20","Currency":"IDR"},
{"empId":"499543311","empName":"Sib","Salary":"$382509.71","Currency":"BRL"},
{"empId":"929539769","empName":"Flor","Salary":"$412380.27","Currency":"UAH"},
{"empId":"415528543","empName":"Tova","Salary":"$319320.63","Currency":"CNY"},
{"empId":"978400178","empName":"Aurlie","Salary":"$323115.75","Currency":"EUR"},
{"empId":"143385490","empName":"Davida","Salary":"$444424.66","Currency":"EUR"},
{"empId":"528461183","empName":"Cybil","Salary":"$409290.85","Currency":"XAF"},
{"empId":"885090602","empName":"Bear","Salary":"$432257.95","Currency":"RSD"},
{"empId":"124467730","empName":"Niko","Salary":"$320050.43","Currency":"BAM"},
{"empId":"936072435","empName":"Aurora","Salary":"$423092.80","Currency":"EUR"},
{"empId":"823860046","empName":"Noami","Salary":"$354506.24","Currency":"CNY"},
{"empId":"804019429","empName":"Simone","Salary":"$375471.37","Currency":"EUR"},
{"empId":"728523855","empName":"Issiah","Salary":"$347789.54","Currency":"GTQ"},
{"empId":"291103054","empName":"Sibylle","Salary":"$377278.32","Currency":"EUR"},
{"empId":"128226903","empName":"Colleen","Salary":"$279276.09","Currency":"BAM"},
{"empId":"558318138","empName":"Emeline","Salary":"$403042.73","Currency":"EUR"},
{"empId":"439563471","empName":"Obed","Salary":"$293731.45","Currency":"IDR"},
{"empId":"583624743","empName":"Eartha","Salary":"$311039.72","Currency":"IDR"},
{"empId":"674691631","empName":"Teodora","Salary":"$332972.44","Currency":"THB"},
{"empId":"410512559","empName":"Keith","Salary":"$395712.59","Currency":"EUR"},
{"empId":"685357328","empName":"Alikee","Salary":"$302046.22","Currency":"RSD"},
{"empId":"515622525","empName":"Dallas","Salary":"$362276.41","Currency":"IDR"},
{"empId":"777082732","empName":"Jaquelin","Salary":"$436408.47","Currency":"RUB"},
{"empId":"901688109","empName":"Maryjo","Salary":"$432197.16","Currency":"EUR"},
{"empId":"105865343","empName":"Heywood","Salary":"$271613.24","Currency":"BRL"},
{"empId":"530903649","empName":"Gussi","Salary":"$398423.98","Currency":"MAD"},
{"empId":"020924489","empName":"Xerxes","Salary":"$337872.26","Currency":"CNY"},
{"empId":"441643118","empName":"Billy","Salary":"$378304.09","Currency":"COP"},
{"empId":"728429033","empName":"Amargo","Salary":"$449676.36","Currency":"PLN"},
{"empId":"270353023","empName":"Marylinda","Salary":"$449909.00","Currency":"DOP"},
{"empId":"570902033","empName":"Ilyse","Salary":"$279367.24","Currency":"RUB"},
{"empId":"426323812","empName":"Dukie","Salary":"$443979.54","Currency":"EUR"},
{"empId":"849634449","empName":"Northrop","Salary":"$388386.86","Currency":"PHP"},
{"empId":"941334286","empName":"Aurea","Salary":"$281631.88","Currency":"CNY"},
{"empId":"357269922","empName":"Madelina","Salary":"$449593.72","Currency":"NGN"},
{"empId":"064011103","empName":"Bonita","Salary":"$398118.12","Currency":"CZK"},
{"empId":"875700946","empName":"Stacy","Salary":"$310478.54","Currency":"EUR"},
{"empId":"032442983","empName":"Nelia","Salary":"$264280.15","Currency":"IDR"},
{"empId":"517391528","empName":"James","Salary":"$385165.07","Currency":"MNT"},
{"empId":"881839982","empName":"Marielle","Salary":"$442652.40","Currency":"ETB"},
{"empId":"528698300","empName":"Vail","Salary":"$297932.05","Currency":"CAD"},
{"empId":"391361371","empName":"Max","Salary":"$366423.21","Currency":"EUR"},
{"empId":"982254604","empName":"Hirsch","Salary":"$384746.78","Currency":"IRR"},
{"empId":"865797492","empName":"Chrotoem","Salary":"$279626.25","Currency":"IDR"},
{"empId":"747191851","empName":"Eolande","Salary":"$259255.72","Currency":"COP"},
{"empId":"201733969","empName":"Garnet","Salary":"$396851.98","Currency":"HNL"},
{"empId":"872790818","empName":"Loren","Salary":"$349871.57","Currency":"CNY"},
{"empId":"046055099","empName":"Jean","Salary":"$294653.48","Currency":"PLN"},
{"empId":"850948865","empName":"Rahel","Salary":"$323410.46","Currency":"XOF"},
{"empId":"108968886","empName":"Rasia","Salary":"$293339.64","Currency":"ARS"},
{"empId":"189318407","empName":"Xylina","Salary":"$255246.26","Currency":"BRL"},
{"empId":"222411816","empName":"Rustin","Salary":"$334251.57","Currency":"PHP"},
{"empId":"504734290","empName":"Nikolai","Salary":"$390462.36","Currency":"CNY"},
{"empId":"645556340","empName":"Murial","Salary":"$427897.70","Currency":"SEK"},
{"empId":"644683814","empName":"Leola","Salary":"$357294.43","Currency":"EUR"},
{"empId":"550069773","empName":"Sapphira","Salary":"$271385.20","Currency":"BAM"},
{"empId":"452250418","empName":"Claudelle","Salary":"$374137.82","Currency":"CNY"},
{"empId":"380304223","empName":"Prue","Salary":"$392220.07","Currency":"EUR"},
{"empId":"342981442","empName":"Kristopher","Salary":"$307792.33","Currency":"CNY"},
{"empId":"284755888","empName":"Analise","Salary":"$280319.29","Currency":"PEN"},
{"empId":"727048316","empName":"Micheil","Salary":"$268922.20","Currency":"BRL"},
{"empId":"682627553","empName":"Roselle","Salary":"$449264.26","Currency":"CNY"},
{"empId":"076532314","empName":"Stanleigh","Salary":"$370467.82","Currency":"CNY"},
{"empId":"971069990","empName":"Ruby","Salary":"$312526.91","Currency":"IDR"},
{"empId":"107636202","empName":"Kirk","Salary":"$351478.11","Currency":"ALL"},
{"empId":"582322098","empName":"Gayleen","Salary":"$319340.79","Currency":"EUR"},
{"empId":"967299969","empName":"Danila","Salary":"$421997.14","Currency":"IDR"},
{"empId":"334213942","empName":"Fabian","Salary":"$341418.45","Currency":"PKR"},
{"empId":"613535229","empName":"Auberta","Salary":"$389267.12","Currency":"VEF"},
{"empId":"154906533","empName":"Alejoa","Salary":"$303802.28","Currency":"LTL"},
{"empId":"327730807","empName":"Si","Salary":"$315532.64","Currency":"IDR"},
{"empId":"383888674","empName":"Queenie","Salary":"$277802.64","Currency":"RUB"},
{"empId":"759622419","empName":"Arnie","Salary":"$417579.32","Currency":"EUR"},
{"empId":"761501159","empName":"Luigi","Salary":"$367962.38","Currency":"SEK"},
{"empId":"212699679","empName":"Romona","Salary":"$255247.43","Currency":"UGX"},
{"empId":"281710284","empName":"Doro","Salary":"$332144.49","Currency":"CNY"},
{"empId":"731194073","empName":"Laverne","Salary":"$261061.19","Currency":"EUR"},
{"empId":"800396779","empName":"Sharron","Salary":"$341851.44","Currency":"CNY"},
{"empId":"919885695","empName":"Nikolaus","Salary":"$352799.18","Currency":"SEK"},
{"empId":"573001199","empName":"Prinz","Salary":"$266063.77","Currency":"CNY"},
{"empId":"791753158","empName":"Bordie","Salary":"$250794.26","Currency":"EUR"},
{"empId":"616497953","empName":"Lovell","Salary":"$369466.79","Currency":"RUB"},
{"empId":"013041448","empName":"Ephrem","Salary":"$251462.72","Currency":"PHP"},
{"empId":"677738223","empName":"Brandice","Salary":"$281863.25","Currency":"CNY"},
{"empId":"530773931","empName":"Betsey","Salary":"$268291.38","Currency":"MXN"},
{"empId":"294707630","empName":"Amandi","Salary":"$365973.58","Currency":"CNY"},
{"empId":"768843995","empName":"Wenona","Salary":"$331292.34","Currency":"CNY"},
{"empId":"684718209","empName":"Gibbie","Salary":"$449760.15","Currency":"KES"},
{"empId":"691659992","empName":"Kipper","Salary":"$253138.24","Currency":"BYR"},
{"empId":"230756144","empName":"Vickie","Salary":"$283194.98","Currency":"RUB"},
{"empId":"251541453","empName":"Luis","Salary":"$343635.56","Currency":"JPY"},
{"empId":"090345417","empName":"Robin","Salary":"$320435.33","Currency":"CZK"},
{"empId":"522735707","empName":"Findley","Salary":"$440236.36","Currency":"PHP"},
{"empId":"484572920","empName":"Caesar","Salary":"$412230.09","Currency":"SYP"},
{"empId":"193347017","empName":"Ynes","Salary":"$327954.37","Currency":"GTQ"},
{"empId":"382723583","empName":"Pascale","Salary":"$372195.07","Currency":"CNY"},
{"empId":"726555137","empName":"Bell","Salary":"$264877.28","Currency":"IDR"},
{"empId":"849809373","empName":"Skippy","Salary":"$390605.86","Currency":"PEN"},
{"empId":"723346641","empName":"Guenna","Salary":"$369187.24","Currency":"KRW"},
{"empId":"999838253","empName":"Ibrahim","Salary":"$250183.31","Currency":"UAH"},
{"empId":"053045176","empName":"Claybourne","Salary":"$354496.72","Currency":"USD"},
{"empId":"147573656","empName":"Gilburt","Salary":"$407806.99","Currency":"ARS"},
{"empId":"922825720","empName":"Dorthea","Salary":"$369458.45","Currency":"RUB"},
{"empId":"460345386","empName":"Trip","Salary":"$257269.84","Currency":"IDR"},
{"empId":"298481396","empName":"Corbie","Salary":"$449669.05","Currency":"PHP"},
{"empId":"029666763","empName":"Lorrayne","Salary":"$444040.70","Currency":"MXN"},
{"empId":"522206494","empName":"Amos","Salary":"$437200.68","Currency":"SYP"},
{"empId":"532787429","empName":"Gino","Salary":"$384783.51","Currency":"IDR"},
{"empId":"126968064","empName":"Conrado","Salary":"$266197.82","Currency":"IDR"},
{"empId":"889142421","empName":"Sol","Salary":"$372176.45","Currency":"CNY"},
{"empId":"794950384","empName":"Tremaine","Salary":"$328114.74","Currency":"IDR"},
{"empId":"268723389","empName":"Candace","Salary":"$287101.90","Currency":"EUR"},
{"empId":"681930786","empName":"Prudy","Salary":"$418718.92","Currency":"IRR"},
{"empId":"581945680","empName":"Belvia","Salary":"$439382.09","Currency":"EUR"},
{"empId":"777518565","empName":"Mordy","Salary":"$285350.95","Currency":"USD"},
{"empId":"673982931","empName":"Aubrey","Salary":"$428217.77","Currency":"IDR"},
{"empId":"787803925","empName":"Corey","Salary":"$422892.79","Currency":"SEK"},
{"empId":"982698271","empName":"Sher","Salary":"$266432.25","Currency":"EUR"},
{"empId":"271656324","empName":"Malia","Salary":"$283903.18","Currency":"RUB"},
{"empId":"928092585","empName":"Tessa","Salary":"$250418.17","Currency":"PHP"},
{"empId":"496165969","empName":"Clare","Salary":"$432068.33","Currency":"COP"},
{"empId":"366865968","empName":"Tom","Salary":"$366181.57","Currency":"CNY"},
{"empId":"245424299","empName":"Magnum","Salary":"$417541.40","Currency":"IDR"},
{"empId":"360061261","empName":"Sully","Salary":"$293236.47","Currency":"AFN"},
{"empId":"741694375","empName":"Jennilee","Salary":"$326819.39","Currency":"CNY"},
{"empId":"812195076","empName":"Karalynn","Salary":"$268616.22","Currency":"EUR"},
{"empId":"794521712","empName":"Tilda","Salary":"$296902.24","Currency":"CNY"},
{"empId":"368314101","empName":"Cornelius","Salary":"$378647.59","Currency":"EUR"},
{"empId":"630547207","empName":"Bee","Salary":"$436129.12","Currency":"IDR"},
{"empId":"891817553","empName":"Griz","Salary":"$254266.20","Currency":"USD"},
{"empId":"229750505","empName":"Hortense","Salary":"$286890.12","Currency":"PYG"},
{"empId":"773754415","empName":"Shane","Salary":"$284574.67","Currency":"CNY"},
{"empId":"172099321","empName":"Teirtza","Salary":"$399419.34","Currency":"IDR"},
{"empId":"359837901","empName":"Roscoe","Salary":"$275754.92","Currency":"JPY"},
{"empId":"728167356","empName":"Briggs","Salary":"$264447.46","Currency":"RUB"},
{"empId":"487012439","empName":"Colan","Salary":"$435709.40","Currency":"EUR"},
{"empId":"091613712","empName":"Morganne","Salary":"$414520.14","Currency":"YER"},
{"empId":"016867570","empName":"Roman","Salary":"$278128.36","Currency":"UAH"},
{"empId":"393755565","empName":"Dulcea","Salary":"$298932.85","Currency":"COP"},
{"empId":"874284121","empName":"Gertrud","Salary":"$365426.35","Currency":"KWD"},
{"empId":"393328587","empName":"Aleta","Salary":"$371018.36","Currency":"BRL"},
{"empId":"943211032","empName":"Jackqueline","Salary":"$415950.81","Currency":"ETB"},
{"empId":"738116227","empName":"Mollee","Salary":"$301058.85","Currency":"UAH"},
{"empId":"673612665","empName":"Melany","Salary":"$366926.84","Currency":"BOB"},
{"empId":"215911225","empName":"Chet","Salary":"$395559.39","Currency":"JOD"},
{"empId":"397445958","empName":"Lorena","Salary":"$341284.29","Currency":"EUR"},
{"empId":"395089597","empName":"Bette","Salary":"$280311.59","Currency":"EUR"},
{"empId":"947120179","empName":"Shayne","Salary":"$385683.29","Currency":"IDR"},
{"empId":"041413305","empName":"Winnie","Salary":"$277585.19","Currency":"CNY"},
{"empId":"328361987","empName":"Ron","Salary":"$438367.34","Currency":"RUB"},
{"empId":"887334283","empName":"Bail","Salary":"$297110.86","Currency":"IDR"},
{"empId":"266790295","empName":"Morrie","Salary":"$273694.39","Currency":"BRL"},
{"empId":"637887036","empName":"Arron","Salary":"$408157.32","Currency":"CNY"},
{"empId":"106347632","empName":"Louella","Salary":"$273100.28","Currency":"IDR"},
{"empId":"437428577","empName":"Debra","Salary":"$439615.31","Currency":"EUR"},
{"empId":"981431219","empName":"Selena","Salary":"$370295.39","Currency":"MXN"},
{"empId":"464109530","empName":"Isidoro","Salary":"$363852.32","Currency":"CNY"},
{"empId":"082476768","empName":"Lyndy","Salary":"$383882.40","Currency":"USD"},
{"empId":"099074857","empName":"Ludovika","Salary":"$360463.16","Currency":"IDR"},
{"empId":"850993933","empName":"Kristopher","Salary":"$280448.62","Currency":"CNY"},
{"empId":"869614203","empName":"Walt","Salary":"$423464.71","Currency":"JPY"},
{"empId":"213407890","empName":"Marleen","Salary":"$440342.82","Currency":"EUR"},
{"empId":"663067050","empName":"Joice","Salary":"$263791.03","Currency":"MNT"},
{"empId":"660181418","empName":"Petronella","Salary":"$347793.84","Currency":"EUR"},
{"empId":"782971554","empName":"Lionello","Salary":"$367563.35","Currency":"SEK"},
{"empId":"280418638","empName":"Sven","Salary":"$342485.39","Currency":"VND"},
{"empId":"409838990","empName":"Cortie","Salary":"$278732.30","Currency":"EUR"},
{"empId":"952306542","empName":"Darcy","Salary":"$426528.32","Currency":"CNY"},
{"empId":"782933728","empName":"Berget","Salary":"$355546.42","Currency":"IDR"},
{"empId":"832778603","empName":"Perkin","Salary":"$329667.26","Currency":"RUB"},
{"empId":"508327868","empName":"Kele","Salary":"$320760.63","Currency":"IDR"},
{"empId":"292761639","empName":"Lionello","Salary":"$360673.10","Currency":"CNY"},
{"empId":"163754295","empName":"Hersch","Salary":"$273961.82","Currency":"UAH"},
{"empId":"889976237","empName":"Gianni","Salary":"$416847.15","Currency":"THB"},
{"empId":"824427016","empName":"Kristian","Salary":"$254324.55","Currency":"JPY"},
{"empId":"893424608","empName":"Romola","Salary":"$320115.84","Currency":"CNY"},
{"empId":"700977426","empName":"Mikel","Salary":"$436775.34","Currency":"PAB"},
{"empId":"771062621","empName":"Annadiana","Salary":"$338651.98","Currency":"CZK"},
{"empId":"771873292","empName":"Ford","Salary":"$356794.92","Currency":"CNY"},
{"empId":"584743139","empName":"Selby","Salary":"$345999.38","Currency":"PHP"},
{"empId":"668193355","empName":"Brina","Salary":"$296404.06","Currency":"DOP"},
{"empId":"139395949","empName":"Delly","Salary":"$403818.97","Currency":"XOF"},
{"empId":"263419228","empName":"Marleen","Salary":"$346260.67","Currency":"MUR"},
{"empId":"339658425","empName":"Ric","Salary":"$311108.95","Currency":"EUR"},
{"empId":"078187703","empName":"Chrissie","Salary":"$426977.36","Currency":"USD"},
{"empId":"784455096","empName":"Marje","Salary":"$297468.15","Currency":"PLN"},
{"empId":"309674566","empName":"Aluin","Salary":"$310389.41","Currency":"COP"},
{"empId":"079749269","empName":"Parker","Salary":"$371164.30","Currency":"LKR"},
{"empId":"043952611","empName":"Scotty","Salary":"$317812.11","Currency":"CNY"},
{"empId":"102110398","empName":"Eleni","Salary":"$296954.24","Currency":"THB"},
{"empId":"088279668","empName":"Tessa","Salary":"$437153.88","Currency":"PHP"},
{"empId":"795690156","empName":"Linea","Salary":"$344439.11","Currency":"THB"},
{"empId":"149969598","empName":"Lorine","Salary":"$304567.99","Currency":"ARS"},
{"empId":"025940134","empName":"Zorine","Salary":"$317023.87","Currency":"IDR"},
{"empId":"642216550","empName":"Bobbe","Salary":"$429516.61","Currency":"CNY"},
{"empId":"794310759","empName":"Deanna","Salary":"$293602.79","Currency":"HNL"},
{"empId":"527523934","empName":"Sidonnie","Salary":"$323478.20","Currency":"YER"},
{"empId":"178308826","empName":"Philomena","Salary":"$372760.87","Currency":"USD"},
{"empId":"192141789","empName":"Abelard","Salary":"$334119.04","Currency":"THB"},
{"empId":"290036694","empName":"Barb","Salary":"$348635.99","Currency":"IDR"},
{"empId":"017329115","empName":"Wini","Salary":"$397077.90","Currency":"CNY"},
{"empId":"007186548","empName":"Fee","Salary":"$410079.70","Currency":"YER"},
{"empId":"066850034","empName":"Tanny","Salary":"$429471.45","Currency":"IDR"},
{"empId":"516799037","empName":"Valentin","Salary":"$306381.36","Currency":"GBP"},
{"empId":"017969587","empName":"Duncan","Salary":"$440688.24","Currency":"JPY"},
{"empId":"687620678","empName":"Rianon","Salary":"$329490.05","Currency":"RUB"},
{"empId":"526341701","empName":"Gerardo","Salary":"$328934.55","Currency":"EUR"},
{"empId":"956640641","empName":"Micky","Salary":"$326488.23","Currency":"TZS"},
{"empId":"534001719","empName":"Concordia","Salary":"$392529.93","Currency":"RUB"},
{"empId":"716241753","empName":"Quentin","Salary":"$352673.16","Currency":"CNY"},
{"empId":"993246646","empName":"Reeba","Salary":"$334768.78","Currency":"EUR"},
{"empId":"087437474","empName":"Bobby","Salary":"$302565.33","Currency":"ARS"},
{"empId":"675199117","empName":"Zondra","Salary":"$410977.00","Currency":"PHP"},
{"empId":"916902516","empName":"Erna","Salary":"$444878.55","Currency":"SEK"},
{"empId":"867647015","empName":"Carlos","Salary":"$385179.52","Currency":"EUR"},
{"empId":"066395558","empName":"Vitoria","Salary":"$434575.34","Currency":"CNY"},
{"empId":"217734611","empName":"Kym","Salary":"$429201.09","Currency":"IDR"},
{"empId":"052172698","empName":"Meghan","Salary":"$350478.67","Currency":"EUR"},
{"empId":"600656568","empName":"Annemarie","Salary":"$289385.19","Currency":"CNY"},
{"empId":"935693694","empName":"Christabel","Salary":"$402482.81","Currency":"EUR"},
{"empId":"139243481","empName":"Teirtza","Salary":"$288644.56","Currency":"IDR"},
{"empId":"938670668","empName":"Tracey","Salary":"$344922.87","Currency":"SEK"},
{"empId":"813111873","empName":"Dennis","Salary":"$363422.34","Currency":"IDR"},
{"empId":"756737020","empName":"Audra","Salary":"$422869.42","Currency":"XOF"},
{"empId":"415534260","empName":"Benyamin","Salary":"$251330.50","Currency":"XOF"},
{"empId":"392614246","empName":"Udall","Salary":"$305263.83","Currency":"CNY"},
{"empId":"202841685","empName":"Walker","Salary":"$302036.24","Currency":"UAH"},
{"empId":"267825472","empName":"Karyn","Salary":"$336314.54","Currency":"SEK"},
{"empId":"845188305","empName":"Gerhard","Salary":"$428399.53","Currency":"EUR"},
{"empId":"986014123","empName":"Marne","Salary":"$260087.86","Currency":"SEK"},
{"empId":"940314392","empName":"Margalo","Salary":"$383385.72","Currency":"LKR"},
{"empId":"239403316","empName":"Ignaz","Salary":"$281318.74","Currency":"CNY"},
{"empId":"389730174","empName":"Iago","Salary":"$259793.15","Currency":"CNY"},
{"empId":"147012828","empName":"Brander","Salary":"$304441.62","Currency":"CNY"},
{"empId":"719707703","empName":"Antonin","Salary":"$426806.58","Currency":"SEK"},
{"empId":"850479818","empName":"Gene","Salary":"$344578.11","Currency":"CNY"},
{"empId":"594954242","empName":"Lowrance","Salary":"$386468.64","Currency":"PHP"},
{"empId":"085041493","empName":"Aloisia","Salary":"$416193.11","Currency":"PHP"},
{"empId":"463721175","empName":"Janos","Salary":"$252274.50","Currency":"CNY"},
{"empId":"589661428","empName":"Margaux","Salary":"$305293.83","Currency":"IDR"},
{"empId":"801641108","empName":"Karry","Salary":"$343564.71","Currency":"EUR"},
{"empId":"005011353","empName":"Misty","Salary":"$346647.44","Currency":"CNY"},
{"empId":"763321044","empName":"Emera","Salary":"$268817.82","Currency":"MXN"},
{"empId":"530927454","empName":"Eula","Salary":"$364503.64","Currency":"CNY"},
{"empId":"540298923","empName":"Farly","Salary":"$276499.47","Currency":"CNY"},
{"empId":"235676060","empName":"Portia","Salary":"$409591.01","Currency":"IDR"},
{"empId":"324399027","empName":"Antonina","Salary":"$312142.24","Currency":"PHP"},
{"empId":"581032225","empName":"Welch","Salary":"$429928.84","Currency":"CNY"},
{"empId":"104160650","empName":"Feodor","Salary":"$313088.89","Currency":"ZAR"},
{"empId":"503461915","empName":"Portie","Salary":"$357987.40","Currency":"ARS"},
{"empId":"890059167","empName":"Tyne","Salary":"$335064.54","Currency":"EUR"},
{"empId":"077519714","empName":"Greggory","Salary":"$426056.12","Currency":"AMD"},
{"empId":"080309075","empName":"Megen","Salary":"$345671.19","Currency":"SEK"},
{"empId":"997389308","empName":"Brook","Salary":"$363223.63","Currency":"CVE"},
{"empId":"163560154","empName":"Marketa","Salary":"$378750.51","Currency":"AFN"},
{"empId":"377744082","empName":"Salmon","Salary":"$334966.51","Currency":"DKK"},
{"empId":"473729091","empName":"Gaven","Salary":"$394870.42","Currency":"PLN"},
{"empId":"262640132","empName":"Arleyne","Salary":"$375225.27","Currency":"RUB"},
{"empId":"027854174","empName":"Sadie","Salary":"$382003.10","Currency":"PHP"},
{"empId":"596410101","empName":"Cullan","Salary":"$308484.63","Currency":"ETB"},
{"empId":"147337253","empName":"Allix","Salary":"$255125.00","Currency":"ARS"},
{"empId":"249024419","empName":"Wadsworth","Salary":"$252735.12","Currency":"IDR"},
{"empId":"743465103","empName":"Lukas","Salary":"$309441.03","Currency":"BDT"},
{"empId":"223662225","empName":"Towney","Salary":"$278435.26","Currency":"USD"},
{"empId":"601424748","empName":"Tim","Salary":"$265896.38","Currency":"SYP"},
{"empId":"742449754","empName":"Krystal","Salary":"$356269.87","Currency":"RUB"},
{"empId":"821116673","empName":"Nolie","Salary":"$314773.75","Currency":"IDR"},
{"empId":"818965381","empName":"Lulu","Salary":"$445866.59","Currency":"EUR"},
{"empId":"328081254","empName":"Arron","Salary":"$406649.31","Currency":"IDR"},
{"empId":"671206102","empName":"Shannah","Salary":"$401740.29","Currency":"CNY"},
{"empId":"026978945","empName":"Rodrigo","Salary":"$431363.11","Currency":"CNY"},
{"empId":"135533510","empName":"Elonore","Salary":"$310346.30","Currency":"BRL"},
{"empId":"434652000","empName":"Carine","Salary":"$361980.50","Currency":"CNY"},
{"empId":"354497796","empName":"Peggy","Salary":"$290898.65","Currency":"XAF"},
{"empId":"274133423","empName":"Hilde","Salary":"$436556.09","Currency":"EUR"},
{"empId":"756014526","empName":"Quincy","Salary":"$281674.00","Currency":"CZK"},
{"empId":"236635527","empName":"Joannes","Salary":"$347348.23","Currency":"RUB"},
{"empId":"717663630","empName":"Brandi","Salary":"$378802.63","Currency":"RUB"},
{"empId":"774590950","empName":"Hamlen","Salary":"$405401.50","Currency":"IDR"},
{"empId":"046964710","empName":"Beatrix","Salary":"$298689.71","Currency":"CNY"},
{"empId":"970951112","empName":"Lanita","Salary":"$342092.30","Currency":"IDR"},
{"empId":"514751958","empName":"Patti","Salary":"$394084.92","Currency":"ARS"},
{"empId":"631002113","empName":"Joya","Salary":"$423344.05","Currency":"CNY"},
{"empId":"494310448","empName":"Latrena","Salary":"$437361.78","Currency":"RUB"},
{"empId":"394626344","empName":"Glennie","Salary":"$289000.50","Currency":"CNY"},
{"empId":"938983781","empName":"Denni","Salary":"$391108.55","Currency":"RSD"},
{"empId":"564099007","empName":"Frank","Salary":"$256300.76","Currency":"CAD"},
{"empId":"653675960","empName":"Willette","Salary":"$437852.33","Currency":"CZK"},
{"empId":"795996055","empName":"Martie","Salary":"$276028.85","Currency":"IDR"},
{"empId":"829623959","empName":"Letisha","Salary":"$367334.19","Currency":"IRR"},
{"empId":"933771712","empName":"Beale","Salary":"$255249.18","Currency":"IDR"},
{"empId":"215407182","empName":"Carolus","Salary":"$410219.65","Currency":"CNY"},
{"empId":"058469511","empName":"Jeniffer","Salary":"$418846.09","Currency":"IDR"},
{"empId":"970529396","empName":"Gates","Salary":"$359697.53","Currency":"EUR"},
{"empId":"521917160","empName":"Husain","Salary":"$351359.82","Currency":"EUR"},
{"empId":"266529352","empName":"Dorian","Salary":"$330805.72","Currency":"BRL"},
{"empId":"733163974","empName":"Jed","Salary":"$350076.85","Currency":"RSD"},
{"empId":"338268166","empName":"Winnie","Salary":"$368749.31","Currency":"CZK"},
{"empId":"520977196","empName":"Berni","Salary":"$324500.58","Currency":"CNY"},
{"empId":"287663250","empName":"Bekki","Salary":"$341782.78","Currency":"CNY"},
{"empId":"066166065","empName":"Ganny","Salary":"$262763.43","Currency":"USD"},
{"empId":"694054661","empName":"Starr","Salary":"$378350.36","Currency":"IDR"},
{"empId":"786425965","empName":"Colan","Salary":"$375919.71","Currency":"PEN"},
{"empId":"000116761","empName":"Waldemar","Salary":"$265568.17","Currency":"PLN"},
{"empId":"415042007","empName":"Mortie","Salary":"$384070.13","Currency":"MXN"},
{"empId":"122103826","empName":"Jeannette","Salary":"$369916.48","Currency":"CNY"},
{"empId":"811166317","empName":"Abagael","Salary":"$293792.01","Currency":"CNY"},
{"empId":"014061650","empName":"Karina","Salary":"$413763.61","Currency":"CNY"},
{"empId":"312074388","empName":"Minnaminnie","Salary":"$288280.91","Currency":"THB"},
{"empId":"372082859","empName":"Ursa","Salary":"$372765.33","Currency":"GNF"},
{"empId":"340173754","empName":"Laverne","Salary":"$285327.26","Currency":"EUR"},
{"empId":"952928772","empName":"Sandy","Salary":"$262092.59","Currency":"CNY"},
{"empId":"300189929","empName":"Conney","Salary":"$386553.89","Currency":"PLN"},
{"empId":"692400080","empName":"Gael","Salary":"$323959.01","Currency":"PHP"},
{"empId":"897205918","empName":"Tucker","Salary":"$302565.93","Currency":"PHP"},
{"empId":"147687749","empName":"Daphne","Salary":"$294180.73","Currency":"CNY"},
{"empId":"587233543","empName":"Phelia","Salary":"$350395.07","Currency":"IDR"},
{"empId":"109660012","empName":"Lothaire","Salary":"$330638.07","Currency":"GEL"},
{"empId":"468037266","empName":"Bellina","Salary":"$341623.78","Currency":"IDR"},
{"empId":"065776143","empName":"Rosabel","Salary":"$394898.37","Currency":"EUR"},
{"empId":"649135069","empName":"Regan","Salary":"$332053.23","Currency":"CLP"},
{"empId":"782531227","empName":"Anatol","Salary":"$443884.10","Currency":"YER"},
{"empId":"231938757","empName":"Perceval","Salary":"$442758.64","Currency":"EUR"},
{"empId":"577757553","empName":"Tomasine","Salary":"$344432.07","Currency":"KZT"},
{"empId":"120104419","empName":"Maurine","Salary":"$261484.28","Currency":"KES"},
{"empId":"774685911","empName":"Margaretha","Salary":"$428292.74","Currency":"HRK"},
{"empId":"003105135","empName":"Oran","Salary":"$307476.65","Currency":"CNY"},
{"empId":"948606527","empName":"Jolene","Salary":"$300917.92","Currency":"COP"},
{"empId":"614431776","empName":"Lee","Salary":"$412550.30","Currency":"JPY"},
{"empId":"866408480","empName":"Flo","Salary":"$261183.73","Currency":"EUR"},
{"empId":"870203613","empName":"Faydra","Salary":"$428621.16","Currency":"CNY"},
{"empId":"327619444","empName":"Ericha","Salary":"$418286.05","Currency":"THB"},
{"empId":"304501160","empName":"Ashby","Salary":"$418586.01","Currency":"IDR"},
{"empId":"194905578","empName":"Vonny","Salary":"$399304.20","Currency":"EUR"},
{"empId":"482179001","empName":"Delinda","Salary":"$285725.17","Currency":"EUR"},
{"empId":"181243980","empName":"L;urette","Salary":"$273191.51","Currency":"PLN"},
{"empId":"932590652","empName":"Freedman","Salary":"$447662.69","Currency":"RUB"},
{"empId":"771814012","empName":"Boony","Salary":"$324769.28","Currency":"IDR"},
{"empId":"571711940","empName":"Pris","Salary":"$266863.09","Currency":"CNY"},
{"empId":"345564560","empName":"Jerad","Salary":"$438563.96","Currency":"BRL"},
{"empId":"232814472","empName":"Mirelle","Salary":"$434371.81","Currency":"EUR"},
{"empId":"419291814","empName":"Hermon","Salary":"$266386.05","Currency":"USD"},
{"empId":"123529148","empName":"Jodie","Salary":"$432671.92","Currency":"PKR"},
{"empId":"905517932","empName":"Phyllis","Salary":"$333820.70","Currency":"CZK"},
{"empId":"941869683","empName":"Perri","Salary":"$342944.32","Currency":"RUB"},
{"empId":"261715335","empName":"Zachery","Salary":"$305828.18","Currency":"BRL"},
{"empId":"811158120","empName":"Jacky","Salary":"$338867.89","Currency":"CNY"},
{"empId":"949284100","empName":"Daren","Salary":"$340285.40","Currency":"ARS"},
{"empId":"695319031","empName":"Geno","Salary":"$325292.09","Currency":"EUR"},
{"empId":"018122405","empName":"Marylynne","Salary":"$326309.11","Currency":"CNY"},
{"empId":"490168854","empName":"Mercedes","Salary":"$393730.48","Currency":"PLN"},
{"empId":"993457857","empName":"Alikee","Salary":"$364365.26","Currency":"CNY"},
{"empId":"993228713","empName":"Peggy","Salary":"$414427.68","Currency":"IDR"},
{"empId":"091555578","empName":"Reade","Salary":"$402858.61","Currency":"USD"},
{"empId":"502108764","empName":"Mendel","Salary":"$417704.56","Currency":"NPR"},
{"empId":"114921373","empName":"Lynelle","Salary":"$437703.46","Currency":"CNY"},
{"empId":"267050868","empName":"Rees","Salary":"$323613.25","Currency":"CNY"},
{"empId":"010362805","empName":"Angeline","Salary":"$402583.06","Currency":"MKD"},
{"empId":"749003535","empName":"Nara","Salary":"$279976.61","Currency":"IDR"},
{"empId":"945086638","empName":"Cesya","Salary":"$368814.58","Currency":"IDR"},
{"empId":"611687864","empName":"Corinne","Salary":"$332746.48","Currency":"IDR"},
{"empId":"791368328","empName":"Ave","Salary":"$414723.03","Currency":"KRW"},
{"empId":"250561152","empName":"Melody","Salary":"$316159.01","Currency":"CNY"},
{"empId":"645598916","empName":"Tabbie","Salary":"$410455.37","Currency":"COP"},
{"empId":"464784023","empName":"Marietta","Salary":"$354250.12","Currency":"CNY"},
{"empId":"543405680","empName":"Giavani","Salary":"$354362.61","Currency":"CNY"},
{"empId":"318736292","empName":"Fredrika","Salary":"$331053.02","Currency":"AMD"},
{"empId":"842657763","empName":"Sonja","Salary":"$405833.47","Currency":"RUB"},
{"empId":"406043142","empName":"Stefanie","Salary":"$369760.53","Currency":"EUR"},
{"empId":"034099600","empName":"Gerty","Salary":"$319939.60","Currency":"PLN"},
{"empId":"308994736","empName":"Ollie","Salary":"$293399.73","Currency":"BRL"},
{"empId":"796554980","empName":"Giorgia","Salary":"$341632.46","Currency":"THB"},
{"empId":"037419689","empName":"Belva","Salary":"$280796.24","Currency":"IDR"},
{"empId":"386911070","empName":"Verena","Salary":"$402272.67","Currency":"CZK"},
{"empId":"784405309","empName":"Dawna","Salary":"$437861.24","Currency":"PHP"},
{"empId":"410415160","empName":"Tadd","Salary":"$270359.86","Currency":"CNY"},
{"empId":"204312579","empName":"Munmro","Salary":"$346711.55","Currency":"BRL"},
{"empId":"695533295","empName":"Aurora","Salary":"$301993.82","Currency":"IDR"},
{"empId":"941282042","empName":"Elsey","Salary":"$262681.09","Currency":"HRK"},
{"empId":"921392722","empName":"Yoshi","Salary":"$311177.39","Currency":"PHP"},
{"empId":"061219942","empName":"Rafaelita","Salary":"$449607.92","Currency":"CNY"},
{"empId":"802965908","empName":"Dolores","Salary":"$291296.61","Currency":"EUR"},
{"empId":"912389014","empName":"Ninetta","Salary":"$305024.49","Currency":"PLN"},
{"empId":"899585513","empName":"Sherilyn","Salary":"$320307.14","Currency":"ALL"},
{"empId":"789808748","empName":"Chase","Salary":"$277020.90","Currency":"DOP"},
{"empId":"127740135","empName":"Tommy","Salary":"$406202.18","Currency":"RUB"},
{"empId":"970098587","empName":"Bobby","Salary":"$311284.24","Currency":"CNY"},
{"empId":"195699089","empName":"Darice","Salary":"$430356.19","Currency":"IDR"},
{"empId":"817898039","empName":"Merralee","Salary":"$432772.73","Currency":"PHP"},
{"empId":"735008346","empName":"Tommy","Salary":"$421523.80","Currency":"JPY"},
{"empId":"701067349","empName":"Shawn","Salary":"$373193.85","Currency":"JOD"},
{"empId":"358620279","empName":"Etta","Salary":"$323613.07","Currency":"CNY"},
{"empId":"200006632","empName":"Vinnie","Salary":"$422324.75","Currency":"CNY"},
{"empId":"040933990","empName":"Helga","Salary":"$357558.91","Currency":"CNY"},
{"empId":"482002612","empName":"Foss","Salary":"$446929.89","Currency":"EUR"},
{"empId":"149456008","empName":"Mallissa","Salary":"$406720.09","Currency":"PLN"},
{"empId":"059854859","empName":"Ethan","Salary":"$390693.44","Currency":"CNY"},
{"empId":"335350606","empName":"Denyse","Salary":"$305086.86","Currency":"IDR"},
{"empId":"573373403","empName":"Clement","Salary":"$359807.72","Currency":"THB"},
{"empId":"682000242","empName":"Genia","Salary":"$302288.81","Currency":"RUB"},
{"empId":"823602344","empName":"Shelbi","Salary":"$268133.30","Currency":"SEK"},
{"empId":"299917776","empName":"Bria","Salary":"$442994.91","Currency":"PKR"},
{"empId":"496177171","empName":"Garald","Salary":"$349078.23","Currency":"EUR"},
{"empId":"163560518","empName":"Consalve","Salary":"$403594.87","Currency":"KRW"},
{"empId":"576425075","empName":"Adan","Salary":"$360077.51","Currency":"JPY"},
{"empId":"306322859","empName":"Gasper","Salary":"$410730.88","Currency":"PHP"},
{"empId":"030152980","empName":"Noemi","Salary":"$268712.81","Currency":"IDR"},
{"empId":"148475982","empName":"Merci","Salary":"$353467.46","Currency":"PEN"},
{"empId":"621299052","empName":"Ina","Salary":"$358517.34","Currency":"KPW"},
{"empId":"556034824","empName":"Carling","Salary":"$288925.70","Currency":"CNY"},
{"empId":"907345732","empName":"Eberhard","Salary":"$343372.89","Currency":"CNY"},
{"empId":"431713197","empName":"Trudy","Salary":"$303303.01","Currency":"IDR"},
{"empId":"174678679","empName":"Giulietta","Salary":"$357166.82","Currency":"IDR"},
{"empId":"770632345","empName":"Letty","Salary":"$297084.66","Currency":"BRL"},
{"empId":"457692992","empName":"Rafaela","Salary":"$341932.33","Currency":"BRL"},
{"empId":"431156526","empName":"Dolley","Salary":"$321066.61","Currency":"ARS"},
{"empId":"406564639","empName":"Jordana","Salary":"$359644.73","Currency":"EUR"},
{"empId":"023009671","empName":"Leila","Salary":"$351578.95","Currency":"EUR"},
{"empId":"750074473","empName":"Marlane","Salary":"$426560.34","Currency":"RSD"}]
}