{
    "empStr": {
        "empId": 634,
        "empName": "Carlisle",
        "Salary": 450000,
        "Currency": "USD",
        "pranks": "true"
    },

    "empTab": [
        {
            "empId": 101,
            "empName": "jane",
            "salary": 250000,
            "currency": "USD"
        },
        {
            "empId": 102,
            "empName": "jack",
            "salary": 125000,
            "currency": "USD"
        },
        {
            "empId": 103,
            "empName": "jerry",
            "salary": 300000,
            "currency": "DIN"
        }
    ]
}