<core:FragmentDefinition xmlns:core="sap.ui.core" xmlns="sap.m" xmlns:f="sap.ui.layout.form">
<!--ntt.hr.payroll.fragments.moreinfo.fragment-->
    <f:SimpleForm >
        <Label text="Colour"/>
        <Text text="{color}" />
        <Label text="Taste" class="sapUiSmallMarginTop"/>
        <Text text="{taste}" class="sapUiSmallMarginTop"/>
        <Label text="price"/>
        <!-- Formatter for price with decimal unit-->                            
        <Text text="{
        parts: [{path: 'price'},{path: 'curr'}],
        formatter: '.formatter_curr.formatCurrency'
        }" />
        <!-- <Text text="{price} {curr}" /> -->
        <Label text="Season"/>
        <Text text="{season}" />                                                                                    
    </f:SimpleForm>
</core:FragmentDefinition>

